-BEGIN HEADER-,,,,,,,,
NASA/POWER CERES/MERRA2 Native Resolution Daily Data ,,,,,,,,
Dates (month/day/year): 06/03/2018 through 03/31/2021 ,,,,,,,,
Location: Latitude  50.8304   Longitude 3.2359 ,,,,,,,,
Elevation from MERRA-2: Average for 0.5 x 0.625 degree lat/lon region = 16.78 meters,,,,,,,,
Value for missing model data cannot be computed or out of model availability range: -999 ,,,,,,,,
Parameter(s): ,,,,,,,,
PS                    MERRA-2 Surface Pressure (kPa) ,,,,,,,,
WS10M                 MERRA-2 Wind Speed at 10 Meters (m/s) ,,,,,,,,
PRECTOTCORR           MERRA-2 Precipitation Corrected (mm) ,,,,,,,,
RH2M                  MERRA-2 Relative Humidity at 2 Meters (%) ,,,,,,,,
T2M                   MERRA-2 Temperature at 2 Meters (C) ,,,,,,,,
ALLSKY_SFC_SW_DWN     CERES SYN1deg All Sky Surface Shortwave Downward Irradiance (kW-hr/m^2/day) ,,,,,,,,
-END HEADER-,,,,,,,,
YEAR,MO,DY,PS,WS10M,PRECTOTCORR,RH2M,T2M,ALLSKY_SFC_SW_DWN
2018,6,3,101.59,2.81,0.06,78.56,17.35,7.59
2018,6,4,101.23,4.84,0.2,85.06,17.11,4.05
2018,6,5,101.21,5.37,0.27,84.12,15.8,3.29
2018,6,6,101.08,4.57,0.16,81.5,17.53,6.23
2018,6,7,101.27,2.23,1.33,83.56,18.43,4.67
2018,6,8,101.34,3.65,0.18,85.06,16.9,4.57
2018,6,9,101.27,3.88,0.08,83.06,17.24,3.59
2018,6,10,101.12,4.32,0.18,82.19,17.73,5.03
2018,6,11,100.99,5.16,0.2,78.94,17.03,4.87
2018,6,12,101.23,5.82,0.3,81.69,15.27,4.13
2018,6,13,101.56,3.36,0.08,72.31,15.13,5.65
2018,6,14,101.23,6.05,0.43,80.69,15.64,3.73
2018,6,15,101.4,2.4,0.04,77.25,16.7,6.89
2018,6,16,101.37,4.86,0.01,75.38,15.61,5.97
2018,6,17,101.58,5.55,0.19,78.94,15.28,4.4
2018,6,18,101.81,6.62,0.22,81.31,16.72,4.11
2018,6,19,102.13,4.26,0.28,83.94,17.62,3.12
2018,6,20,101.87,4.59,0.11,81.69,18.17,6.35
2018,6,21,102.13,6.43,0.23,73.12,14.01,7.08
2018,6,22,102.67,5.52,0,71.31,13.21,8.54
2018,6,23,102.54,2.86,0,73.56,14.62,7.35
2018,6,24,102.25,3.74,0,77.5,14.75,7.28
2018,6,25,102.36,3.32,0.01,77.69,16.66,7.43
2018,6,26,102.36,4.32,0.03,75.62,16.12,8.64
2018,6,27,102.2,4.65,0.01,77.06,17.6,8.27
2018,6,28,101.98,5.22,0.04,75,19.61,8
2018,6,29,101.72,5.57,0,74.94,18.7,8.03
2018,6,30,101.26,3.87,0.04,73.44,20.37,8
2018,7,1,101.14,4.81,0,63.19,20.84,7.76
2018,7,2,101.29,5.22,0,60.62,19.39,8.06
2018,7,3,101.4,4.69,0,66.69,19.56,6.61
2018,7,4,101.26,3.24,0.03,72.88,19.37,6.86
2018,7,5,101.35,2.48,0.14,71.62,19.15,7.01
2018,7,6,101.83,1.94,0.02,74.75,20.37,6.68
2018,7,7,102.15,2.27,0,70.62,20.83,6.46
2018,7,8,102.29,3.57,0,68.88,19.65,7.38
2018,7,9,102.22,4.31,0.05,76.25,18.61,6.62
2018,7,10,101.9,5.83,0.63,80.69,15.7,3.2
2018,7,11,101.75,3.89,0.27,78,17.29,4.53
2018,7,12,101.84,4.04,0.06,78.5,17.69,5.42
2018,7,13,101.94,3.16,0.07,78.88,17.7,6
2018,7,14,101.78,3.11,0.02,74.06,19.06,7.64
2018,7,15,101.39,2.17,0,65.69,21.12,7.39
2018,7,16,101.11,1.8,0.36,65,21.9,4.97
2018,7,17,101.42,4.73,0.03,72.31,18.9,7.19
2018,7,18,101.68,2.91,0.01,73.38,18.26,6.3
2018,7,19,101.64,2.48,0.03,68.5,19.1,6.85
2018,7,20,101.28,1.9,2.66,80.19,17.81,1.96
2018,7,21,101.13,3.37,0.38,72.25,19.49,5.33
2018,7,22,101.36,3.19,0.03,74.69,20.53,6.3
2018,7,23,101.48,2.87,0.01,72.25,22.14,7.56
2018,7,24,101.27,1.62,0.03,69.56,22.63,5.76
2018,7,25,101.39,2.28,0.2,67.56,23.44,6.31
2018,7,26,101.15,1.88,0.43,68.06,25.47,6.26
2018,7,27,100.73,3.2,1.78,65.69,25.69,6
2018,7,28,100.73,5.74,6.86,72.75,19.43,6.46
2018,7,29,100.91,5.84,1.04,72.44,19.72,4.33
2018,7,30,101.17,4.23,1.73,82.88,21.08,4.69
2018,7,31,101.53,3.78,0.23,73.56,20.65,6.96
2018,8,1,101.94,1.79,0,70.62,19.96,7.11
2018,8,2,102.11,1.93,0,70.56,21.29,7.36
2018,8,3,101.94,2.26,0,67.62,22.4,7.04
2018,8,4,101.94,4.64,0.01,76.75,21.28,6.21
2018,8,5,102,3.68,0.02,70.94,20.53,6.83
2018,8,6,101.29,2.18,0,61.38,22.3,7.17
2018,8,7,100.64,3,0.81,62.06,23.5,5.19
2018,8,8,100.97,5.18,1.98,72,19.55,5.13
2018,8,9,100.99,4.82,22.35,84.44,16.23,1.49
2018,8,10,101.78,6.84,6.91,77.25,16.59,5.34
2018,8,11,102.01,3,0.11,66.25,17.08,6.41
2018,8,12,101.06,4.73,1.33,66.62,19.65,5.35
2018,8,13,100.5,4.78,5.87,84,18.64,4.33
2018,8,14,101.35,5.12,0.43,80.06,18.99,4.57
2018,8,15,101.66,4.8,0.08,79.62,18.78,3.31
2018,8,16,101.36,5.01,3.77,80.31,19.3,4.96
2018,8,17,101.72,3.23,1.74,73.44,18.23,6.33
2018,8,18,102,4.46,0.19,81.5,17.73,3.36
2018,8,19,101.83,5.86,0.22,83.31,18.85,4.44
2018,8,20,101.81,2.49,0.69,83.38,19.82,2.65
2018,8,21,101.78,2.11,0.54,82.06,20.16,3.75
2018,8,22,101.55,3.02,0.07,82.12,19.15,3.74
2018,8,23,101.11,5.52,0.57,83.44,18.63,2.93
2018,8,24,101.09,6.38,4.72,68,16.22,4.93
2018,8,25,101.15,5.17,1.11,70.75,14.22,5.18
2018,8,26,101.07,6.42,5.96,75.19,14.5,2.86
2018,8,27,101.06,6.55,1.35,79.75,17.12,3.2
2018,8,28,101.56,2.49,0.02,76.12,17.23,4.25
2018,8,29,101.21,3.04,11.84,85.56,15.21,1.57
2018,8,30,102,2.98,0.09,75.56,15.91,3.91
2018,8,31,102.14,2.35,0,73.62,14.78,4.78
2018,9,1,102.41,2.23,0,71,14.97,5.87
2018,9,2,102.17,3.23,0,71.56,15.7,5.77
2018,9,3,101.68,4.29,0.44,81.38,17.12,3.46
2018,9,4,101.53,4.55,3.9,89.12,19.3,1.51
2018,9,5,101.52,3.75,3.58,89.5,19.02,2.16
2018,9,6,101.21,4.36,3.62,85.5,17.22,2.68
2018,9,7,101.35,5.53,1.24,73.19,14.64,5.1
2018,9,8,101.73,3.96,0.02,81,14.4,3.74
2018,9,9,101.76,4.18,0.01,78.06,16.83,4.43
2018,9,10,102.01,4.8,0.07,81.25,17.26,4.17
2018,9,11,101.94,6.63,0.06,82.5,18.37,4.85
2018,9,12,101.96,3.96,3.81,88.38,15.84,2.13
2018,9,13,102,2.52,0.03,75.25,14.72,3.48
2018,9,14,101.92,4.36,0.02,77.19,14.19,3.41
2018,9,15,102.19,3.45,0.05,78.5,15.38,3.99
2018,9,16,101.88,4.07,0,78.12,14.94,3.83
2018,9,17,101.44,4.17,0.02,68.25,16.94,4.67
2018,9,18,101.07,6.73,0,75.81,17.69,4.13
2018,9,19,101.42,6.29,0.02,79.5,18.23,3.81
2018,9,20,101.13,6.28,0.02,75.94,18.78,3.66
2018,9,21,100.8,9.66,3.49,67.19,15.27,3.87
2018,9,22,101.66,4.62,6.32,80.88,12.8,1.71
2018,9,23,101.36,6.26,24.37,87,11.25,1.3
2018,9,24,103.28,4.27,0.01,74.25,11.15,4.49
2018,9,25,103.54,1.77,0.02,69.44,11.28,4.41
2018,9,26,103.12,2.91,0,69.44,12.09,4.6
2018,9,27,102.45,3.09,0.03,76.5,13.48,4.49
2018,9,28,102.52,5.67,0.08,78.81,12.74,2.5
2018,9,29,102.56,2.84,0,71.5,9.94,4.09
2018,9,30,101.67,2.98,0.55,72.19,11.46,4.02
2018,10,1,102.01,6.22,1.39,72,11.11,3.17
2018,10,2,101.77,6.26,1.43,82.75,13.75,1.64
2018,10,3,102.39,4.06,0.03,78.25,13.56,3.2
2018,10,4,102.27,3.34,0.07,84.5,14.75,3.63
2018,10,5,101.43,3.34,0.03,79.69,13.29,3.97
2018,10,6,100.67,4.02,0.64,86.56,14.19,3.26
2018,10,7,101.76,4.88,0.03,71,12.19,2.71
2018,10,8,101.98,2.66,0,74.88,11.62,3.33
2018,10,9,101.84,3.18,0.05,78.44,11.88,3.54
2018,10,10,101.22,4.04,0.05,83.19,14.56,3.48
2018,10,11,100.65,6.19,7.45,81.81,17.61,3.34
2018,10,12,101.34,6.43,0.08,88.25,17.06,2.57
2018,10,13,101.22,6,0.07,82.75,18.58,3.05
2018,10,14,100.47,5.23,0.01,76.69,17.54,2.74
2018,10,15,100.9,3.8,0,79.5,17.5,2.86
2018,10,16,101.51,2.85,0.01,77,15.85,3.02
2018,10,17,101.78,2.48,0.06,88.56,14.35,2.48
2018,10,18,102.2,4.62,0.1,83.56,12.9,1.86
2018,10,19,102.34,3.27,0.03,86.75,10.94,2.6
2018,10,20,102.85,1.3,0.01,83.31,10.63,2.69
2018,10,21,102.6,2.41,0.01,81.5,11.36,2.88
2018,10,22,103.08,5.35,0.51,78,11.8,2.09
2018,10,23,102.65,6.2,0.01,79.56,11.47,2.4
2018,10,24,102.42,4.48,0.18,90.75,13.24,0.89
2018,10,25,101.8,3.26,0.24,86.5,10.98,1.49
2018,10,26,100.74,5.48,3.39,82.12,9.73,1
2018,10,27,100.76,4.42,7.02,82.25,7.88,1.36
2018,10,28,101.28,7.14,0.15,75.81,4.94,2.18
2018,10,29,100.15,6.12,0.69,85.44,4.56,0.89
2018,10,30,99,6.02,24.19,92.69,5.99,0.46
2018,10,31,100.78,5.28,0.99,90,6.64,2.12
2018,11,1,100.57,5.77,1.69,90.56,9.02,1.37
2018,11,2,102.12,3.61,0.08,80.75,6.94,2.42
2018,11,3,102.42,3.83,0,83.69,4.71,1.88
2018,11,4,101.22,4.09,0,89.81,6.49,1.75
2018,11,5,100.45,4.08,0.04,93.31,9.05,2.03
2018,11,6,100.16,5.62,0.05,86.25,12.58,1.64
2018,11,7,100.26,8,2.67,92.19,9.67,0.59
2018,11,8,101.52,4.54,0.09,87.06,8.16,2.15
2018,11,9,100.73,5.84,0.52,90.38,8.09,1.51
2018,11,10,99.75,8.03,6.64,88.94,11.07,0.7
2018,11,11,100.2,6.98,1.5,92,10.43,0.87
2018,11,12,101.14,4.36,6.1,93.81,9.55,1.01
2018,11,13,102.09,6.13,1.24,92.12,9.21,1.46
2018,11,14,102.34,4.7,0.03,94,7.33,1.77
2018,11,15,102.14,4.25,0.18,95.38,7.17,1.04
2018,11,16,102.44,3.16,0.33,94.19,6.16,0.73
2018,11,17,102.63,4.8,0,88.31,3.24,1.79
2018,11,18,102.52,5.77,0,78.56,1.95,1.8
2018,11,19,101.62,7.85,0.4,89.69,3.6,0.86
2018,11,20,100.58,6.65,0.92,82.31,2.52,0.58
2018,11,21,101.28,3.09,0.07,90.25,1.66,1.53
2018,11,22,101.6,2.58,0.12,95.38,0.76,1.19
2018,11,23,101.29,2.92,0.65,96.81,4.39,1.46
2018,11,24,100.78,2.22,3.28,95.62,3.84,0.51
2018,11,25,100.8,4.55,0.21,95.56,3.43,0.45
2018,11,26,100.98,2.7,3.12,96.5,3.78,0.43
2018,11,27,101.53,4.14,2.81,95.19,3.85,0.78
2018,11,28,101.14,8.06,4.73,92.25,7.89,0.44
2018,11,29,100.63,8.75,2.95,86.81,9.81,0.58
2018,11,30,100.76,6.42,1.41,94.81,8.4,1.08
2018,12,1,100.55,7.7,4.06,95.12,7.62,0.35
2018,12,2,99.73,8.5,9.7,92.69,12.5,0.64
2018,12,3,99.95,7.98,1.96,91.31,11.45,0.61
2018,12,4,101.82,2.56,0.05,85.69,6.01,1.33
2018,12,5,101.59,6,5.06,94.31,7,0.38
2018,12,6,101.28,6.61,2.46,94.44,11.23,0.42
2018,12,7,100.33,9.81,8.5,88,9.7,0.3
2018,12,8,100.03,11.89,4.01,81.81,9.83,0.79
2018,12,9,100.42,9.69,4.77,81.12,8.47,0.66
2018,12,10,102.18,4.81,0.33,90.31,5.12,0.8
2018,12,11,102.29,1.65,0.08,81.25,4.68,0.96
2018,12,12,102.16,3.41,0.03,95.12,0.59,1.32
2018,12,13,101.74,5.41,0.05,91.88,-0.64,1.26
2018,12,14,102.1,2.83,0.04,89.06,-1.2,0.58
2018,12,15,101.63,6.98,6.73,80.94,-0.81,0.67
2018,12,16,100.72,4.8,0.57,98.69,1.73,0.66
2018,12,17,101.57,5.66,0.49,96.75,4.98,1.13
2018,12,18,101.32,7.75,1.07,91.69,4.76,0.67
2018,12,19,100.67,6.34,1.98,96.81,6.22,0.74
2018,12,20,100.72,7.7,3.68,95.31,6.97,0.62
2018,12,21,100.11,10.71,11.46,87.12,10.63,0.59
2018,12,22,101.28,7.31,1.46,91.56,9.13,0.96
2018,12,23,101.55,5.7,8.4,96.12,8.9,0.35
2018,12,24,102.85,2.35,0.24,82.31,6.73,0.7
2018,12,25,103.35,3.55,0.01,95.44,0.63,1.34
2018,12,26,102.95,3.04,0.03,92.5,0.26,0.97
2018,12,27,102.47,2.95,0.01,91.75,-0.49,0.73
2018,12,28,102.76,2.38,0.28,100,3.13,0.47
2018,12,29,102.94,5.43,0.36,97.19,7.62,0.45
2018,12,30,103.18,3.73,0.39,97.75,7.08,0.7
2018,12,31,103.25,3.16,0.22,97.25,7.09,0.53
2019,1,1,103.07,5.41,0.48,89.69,6.9,0.68
2019,1,2,103.67,4.91,0.35,77.38,5.3,0.78
2019,1,3,103.83,3.05,0.74,90.06,3.87,0.9
2019,1,4,103.7,4.09,0.38,89.75,3.12,0.74
2019,1,5,103.33,5.18,0.55,90.06,4.96,0.31
2019,1,6,103.24,2.99,0.22,91.31,4.89,0.3
2019,1,7,102.86,5.54,0.73,94.94,6.99,0.43
2019,1,8,102.05,9.2,0.53,82.88,6.58,0.96
2019,1,9,102.12,6.96,1.24,80.62,4.75,1.14
2019,1,10,102.53,2.66,1.83,91.69,3.48,0.67
2019,1,11,102.45,4.68,1.48,95.88,6.34,0.71
2019,1,12,101.86,6.73,1.25,94.56,6.58,0.38
2019,1,13,100.84,9.19,1.45,87.94,8.88,0.49
2019,1,14,101.48,5.96,0.55,89.75,5.43,0.98
2019,1,15,101.68,6.07,0.36,94.06,5.27,0.69
2019,1,16,100.57,7.38,3.74,90.31,4.93,0.67
2019,1,17,100.55,6.63,2.55,87.25,3.54,1.02
2019,1,18,101.59,3.25,0.02,91.69,1.43,1.23
2019,1,19,101.15,4.65,0.01,88.06,-1.45,1.64
2019,1,20,101.48,3.05,0,89.44,-2.1,1.65
2019,1,21,101.92,2.39,0,82.06,-0.79,1.78
2019,1,22,100.15,6.41,4.53,91.62,-0.55,0.68
2019,1,23,99.73,4.11,2.25,93.5,-0.87,0.75
2019,1,24,100.88,1.98,0.27,93.5,0.11,0.79
2019,1,25,101.11,4.33,1.44,99,2.36,0.61
2019,1,26,100.17,7.36,2.33,97.38,5.85,0.84
2019,1,27,98.6,9.02,8.34,90.12,4.99,0.63
2019,1,28,99.87,8.81,3.13,85.19,3.87,1.07
2019,1,29,99.91,4.85,1.27,83.5,0.55,1.28
2019,1,30,99.21,2.91,4.88,92.44,-0.31,1.21
2019,1,31,99.12,4.77,1.24,92.81,-0.95,0.8
2019,2,1,98.52,3.25,3.2,97.56,1.17,0.97
2019,2,2,99.86,5.92,8.79,93.81,2.75,0.7
2019,2,3,101.93,4.52,0.44,87.5,1.98,1.77
2019,2,4,102.13,7.87,2.97,91.19,0.55,0.68
2019,2,5,102.36,4.95,0.19,89.75,2.9,1.2
2019,2,6,101.71,6.8,6.1,94.81,4.37,0.64
2019,2,7,100.69,10,1.51,85.31,7.55,1.75
2019,2,8,100.3,10.97,6.52,90.94,7.21,0.67
2019,2,9,100.11,11.33,0.86,79.25,8.33,1.43
2019,2,10,99.43,8.8,11.48,87.81,6.76,0.88
2019,2,11,101.96,4.41,0.05,91.75,4,1.85
2019,2,12,103.17,4.41,0.06,88.06,4.7,1.93
2019,2,13,103.28,4.62,0.01,86.25,3.45,2.22
2019,2,14,103.15,3.74,0.02,86.94,3.26,2.78
2019,2,15,102.69,4.34,0,86.62,4.57,2.92
2019,2,16,102.26,4.38,0.02,87.38,5.91,2.65
2019,2,17,101.72,5.33,0,82.06,6.76,2.65
2019,2,18,101.46,4.09,0.34,89.94,7.01,2.45
2019,2,19,101.74,5.38,0.03,85.94,7.01,2.62
2019,2,20,102.02,4.95,0.03,88.56,5.76,2.68
2019,2,21,102.52,4.59,0.03,91.38,7.13,2.79
2019,2,22,103.31,2.32,0.16,94.5,7.88,2.07
2019,2,23,103.35,3.94,0.03,82.75,7.3,3.26
2019,2,24,103.46,2.82,0.02,71.19,5.45,3.28
2019,2,25,103.44,2.67,0.01,70.38,7.4,3.4
2019,2,26,103.09,3.08,0,79.25,8.14,3.44
2019,2,27,102.3,3.53,0.01,87.44,7.32,3.49
2019,2,28,101.39,6.56,2.4,91.12,8.25,1.51
2019,3,1,101.48,4.32,1.72,91.69,6.59,0.96
2019,3,2,101.02,6.71,0.25,90,8.01,1.31
2019,3,3,100.05,11.24,3.53,82.94,11.16,1.09
2019,3,4,99.25,10.46,5.3,79.25,8.18,2.54
2019,3,5,100.27,6.88,2.89,83,7.39,2.92
2019,3,6,99.32,8.19,6.71,90.56,8.98,0.79
2019,3,7,99.18,10.33,8.38,82.75,8.52,2.72
2019,3,8,100.83,6.58,2.17,80.56,7.86,2.94
2019,3,9,100.98,9.06,0.42,84.88,9.44,2.28
2019,3,10,100.57,11.24,9.09,75.94,8.41,3.02
2019,3,11,101.85,8.79,0.57,74.44,5.42,3.28
2019,3,12,100.77,10.63,2.86,77.5,6.55,2.22
2019,3,13,100.45,11.02,1.4,74.94,7.94,2.04
2019,3,14,100.28,9.25,8.94,83.69,8.53,1.48
2019,3,15,100.46,9.94,8.77,91.88,10.18,0.99
2019,3,16,100.33,11.73,2.23,79.81,10.57,1.79
2019,3,17,100.21,8.05,3.21,77.69,7.32,3.62
2019,3,18,101.69,3.55,0.33,78,6.3,3.44
2019,3,19,102.59,3.37,0.07,84.75,6.91,3.45
2019,3,20,103.1,3.66,0.09,90.31,8.18,3.09
2019,3,21,103.16,2.54,0.1,89.62,8.57,3.19
2019,3,22,102.7,2.8,0.1,80.69,9.37,4.32
2019,3,23,102.84,3.98,0.25,86.75,8.53,1.68
2019,3,24,102.66,3.8,0.01,76.62,6.8,4.66
2019,3,25,102.63,7.89,0.1,76.75,7.33,3.72
2019,3,26,103.08,3.38,0.02,79.56,6.73,3.92
2019,3,27,103.19,1.99,0.06,81.06,7.95,2.76
2019,3,28,103.3,2.4,0.09,83.69,8.3,2.27
2019,3,29,102.68,2.44,0.02,79.62,9.77,5.19
2019,3,30,101.94,2.72,0,77.69,10.92,4.97
2019,3,31,102.09,6.3,0.01,79.62,9.09,4.42
2019,4,1,101.67,4.97,0,73.19,8.61,5.02
2019,4,2,100.25,5.52,2.3,84.56,8.87,3.04
2019,4,3,99.8,4.46,1.71,83.44,5.3,3.68
2019,4,4,99.74,3.78,0.03,74.81,5.55,5.32
2019,4,5,100.25,4.16,0,73.25,7.39,4.97
2019,4,6,100.23,3.49,0.05,80.56,9.22,4.35
2019,4,7,100.37,2.91,1.67,87.75,10.73,2.5
2019,4,8,100.83,3.05,2.07,89.31,10.33,2.01
2019,4,9,100.94,3.98,6.87,86.25,10.12,1.22
2019,4,10,101.44,7.35,0.02,68.25,7.63,5.15
2019,4,11,102.14,5.59,0,70.38,5.84,6.25
2019,4,12,102.3,4.68,0,68.94,5.33,4.18
2019,4,13,102.37,4.38,0.07,75.56,3.4,4.97
2019,4,14,102.27,4.2,0.04,75.62,4.53,3.76
2019,4,15,101.88,4.77,0,75.44,8.32,6.13
2019,4,16,101.3,3.19,0.02,81.62,10.4,3.74
2019,4,17,101.83,2.3,0.13,81.94,11.13,3.37
2019,4,18,102.08,4.46,0.01,73.19,13.47,6.33
2019,4,19,102.46,3.96,0.01,71.12,14.39,6.42
2019,4,20,102.54,3.62,0.01,68.38,14.98,6.37
2019,4,21,101.67,3.41,0,70.62,14.55,6.61
2019,4,22,100.41,3.99,0,66,15.37,5.92
2019,4,23,99.5,3.8,0,71.62,14.97,4.25
2019,4,24,99.55,5.95,0.3,79.69,14.24,4.48
2019,4,25,100.14,5.77,4.14,82,11.76,2.81
2019,4,26,101,4.72,0.76,78.88,11.01,5.04
2019,4,27,100.99,8.66,2.34,74.75,10.03,4.78
2019,4,28,101.63,4.56,4.82,85.12,8.44,3.27
2019,4,29,102.27,2.25,0.23,78.19,10.62,5.48
2019,4,30,102.14,3.64,0.06,84.19,10.13,3.07
2019,5,1,101.56,1.69,0.15,82.19,10.49,4.6
2019,5,2,101.02,3.41,1.5,86.12,10.61,3.33
2019,5,3,101.1,3.09,4.53,80.25,9.86,3.72
2019,5,4,101.29,7.08,2.78,73.56,6.87,5.52
2019,5,5,102.05,5.51,0.91,70.88,7.62,5.27
2019,5,6,101.91,4.52,0.24,71.31,8.29,3.95
2019,5,7,101.34,3.12,0.01,71.75,9.84,5.08
2019,5,8,99.62,6.1,6.01,80,10.48,4.27
2019,5,9,99.59,5.36,3.31,81.56,11.48,4.06
2019,5,10,100.72,3.02,1.6,75.75,11.51,5.51
2019,5,11,101.62,5.12,0.19,76.06,9.98,6.06
2019,5,12,103.29,4.73,0,71.25,9.22,6.61
2019,5,13,103.61,5.02,0,66.06,10.3,8.01
2019,5,14,103.04,5.47,0,65.81,10.84,7.96
2019,5,15,102.3,4.13,0,66.38,11.71,7.84
2019,5,16,101.47,4.52,0,68.75,12.08,7.48
2019,5,17,100.5,2.76,0.4,80.81,11.67,3.2
2019,5,18,100.42,2.16,0.22,78.38,13.3,4.22
2019,5,19,100.57,4.58,4.65,89.06,11.86,2.65
2019,5,20,100.87,5.12,0.42,86.19,12.25,3.1
2019,5,21,101.47,4.49,0.03,77.62,12.9,6.97
2019,5,22,101.76,2.11,0,70.44,13.91,5.74
2019,5,23,101.51,3.09,0,74.25,14.78,6.23
2019,5,24,101.4,3.18,0.01,69.12,14.81,7.35
2019,5,25,101.56,2.45,1.24,76.88,14.13,5.16
2019,5,26,101.15,6.8,2.14,79.5,15.65,4.78
2019,5,27,100.78,4.39,0.55,72.31,15.1,6.37
2019,5,28,100.93,4.05,4.78,83.56,12.02,4.86
2019,5,29,101.8,3.77,0.93,72.62,13.66,6.2
2019,5,30,102.02,6.53,0.25,78.06,16.33,4.32
2019,5,31,102.2,3.84,0.03,76.25,16.63,5.48
2019,6,1,101.83,2.3,0,74.75,18.87,7.45
2019,6,2,101.01,5.4,0.17,70.44,20.45,7.53
2019,6,3,101.17,3.91,0.85,76,15.37,4.6
2019,6,4,100.5,4.28,5.88,81.25,17.08,3.94
2019,6,5,100.53,4.45,13.81,84.25,14.34,3.1
2019,6,6,100.97,4.48,1.37,76.06,13.73,6.53
2019,6,7,100.37,8.49,3.62,73.44,14.99,3.76
2019,6,8,101.26,11.12,3.7,75.31,13.87,5.68
2019,6,9,101.9,2.7,0.74,73.31,15.04,4.51
2019,6,10,101.01,3.11,4.92,82.5,14.98,3.89
2019,6,11,100.96,2.46,0.13,71.38,14.02,6.41
2019,6,12,100.72,2.34,18.42,83.56,13.38,3.71
2019,6,13,100.77,6.5,3.47,82.44,13.9,4.61
2019,6,14,101.07,3.66,1.08,76,16.13,7.12
2019,6,15,101.22,3.45,6.68,78.69,16.57,6.08
2019,6,16,101.72,4.88,0.51,77.19,16.63,5.78
2019,6,17,101.67,3.35,0,74.12,18.26,7.44
2019,6,18,101.15,1.95,0,73.38,19,6.63
2019,6,19,100.55,4.42,5.65,81.12,18.79,4.42
2019,6,20,101.1,5.35,0.39,75.31,16.44,6.83
2019,6,21,101.77,3.89,0.05,69.44,15.41,7.52
2019,6,22,101.87,3.12,0,71.31,16.59,7.73
2019,6,23,101.48,3.53,0.01,75.25,20.75,6.62
2019,6,24,101.46,3.99,0.09,73.94,22.49,6.07
2019,6,25,101.52,3.88,0.03,76.88,22.62,7
2019,6,26,102.33,5.55,0.04,80.75,19.24,5.56
2019,6,27,102.52,6.64,0,69.5,18.6,8.07
2019,6,28,102.18,4.61,0,69.25,18.62,8.38
2019,6,29,101.43,3.76,0,64.12,22.29,8.4
2019,6,30,101.37,5.02,0.04,70.75,19.92,6.53
2019,7,1,101.74,4.59,0.02,70.75,17.96,7.63
2019,7,2,102.13,3.76,0.01,70.19,17.55,7.16
2019,7,3,102.36,5.23,0,64.25,16.29,7.82
2019,7,4,102.2,2.81,0,63.19,16.8,8.37
2019,7,5,101.62,2.76,0.01,64.12,19.55,7.18
2019,7,6,101.08,3.91,1.1,75.06,18.59,6.1
2019,7,7,101.45,3.68,1.5,69.69,16.21,3.69
2019,7,8,101.89,3.73,0.02,69.69,14.97,6.52
2019,7,9,101.93,2.57,0,64.12,16.04,6.84
2019,7,10,101.67,2.3,0.68,67.06,18.67,5.46
2019,7,11,101.1,3.69,0.01,65.81,19.49,5.43
2019,7,12,101.14,4.41,2.08,79.12,18.31,5.65
2019,7,13,101.77,4.95,0.39,80.56,17.08,3.93
2019,7,14,101.92,5.12,0.65,76.25,16.27,4.44
2019,7,15,101.88,3.81,0.07,72.38,16.08,3.7
2019,7,16,101.69,2.05,0,68.62,16.98,5.9
2019,7,17,101.25,1.71,0,67.62,18.74,6.63
2019,7,18,100.97,5.4,0.45,79.06,17.95,4.18
2019,7,19,101.09,3.91,0.17,71.12,19.52,5.66
2019,7,20,100.88,6.49,6.11,77.81,19.54,5.8
2019,7,21,101.88,3.54,0.03,71.75,19.03,6.47
2019,7,22,102.08,3.9,0,70.25,20.36,6.97
2019,7,23,101.64,2.46,0,59.5,24.3,7.48
2019,7,24,101.14,3.87,0,59.19,24.73,6.94
2019,7,25,100.99,3.89,0.01,59.62,27.69,6.62
2019,7,26,100.71,4.14,1.48,69.94,23.19,5.76
2019,7,27,100.21,4.41,14.92,89.81,19.37,1.76
2019,7,28,100.31,5.84,2.3,82,18.01,2.96
2019,7,29,100.84,3.05,0.02,66.06,19.87,7.19
2019,7,30,100.84,6.45,0.2,63.5,19.99,5.74
2019,7,31,101.27,7.14,2.04,76.94,17.8,4.26
2019,8,1,101.48,4.15,0.12,75,18.98,5.66
2019,8,2,101.51,5.27,0.46,80.5,18.63,5.81
2019,8,3,101.64,2.65,0.22,77.69,18.83,4.05
2019,8,4,101.27,2.28,0.34,69.06,20.55,5.23
2019,8,5,100.93,5.66,0.06,74.19,20.08,5.11
2019,8,6,100.79,5.01,0.03,73.25,18.71,4.57
2019,8,7,100.61,6.34,0.12,74,18.65,6.18
2019,8,8,100.88,4.06,0.16,72.44,19.66,4.69
2019,8,9,100.32,6.25,6.36,73.62,21.59,3.23
2019,8,10,100.75,10.44,0.6,68.75,19.53,5.16
2019,8,11,101.2,6.41,0.01,71.31,17.73,3.69
2019,8,12,101.29,4.54,5.58,82.81,15.6,4.37
2019,8,13,101.59,4.88,1.95,76.56,14.96,4.74
2019,8,14,101.31,5.4,4.12,83.31,15.9,3.51
2019,8,15,101,6.3,1.53,78.19,18.19,4.24
2019,8,16,101.17,4.41,5.1,78.31,17.6,4.14
2019,8,17,100.52,6.38,2.01,85.06,17.59,2.34
2019,8,18,100.51,4.84,6.43,82.62,16.62,4.06
2019,8,19,101.39,6.55,0.63,76.19,16.54,5.38
2019,8,20,102.12,4.39,0.08,75.12,16.08,5.71
2019,8,21,102.49,1.77,0.03,66.19,17.31,6.02
2019,8,22,102.34,2.98,0.02,69.44,17,6.23
2019,8,23,102.23,2.2,0,69.31,18.26,6.12
2019,8,24,101.75,2.53,0,59.81,21.13,6.29
2019,8,25,101.62,1.6,0,55.31,23.05,6.1
2019,8,26,101.56,1.69,0,61.06,23.41,5.76
2019,8,27,101.22,2.4,0.02,66.94,24.3,5.12
2019,8,28,101.26,3.8,0.5,79.12,20.65,4.01
2019,8,29,101.79,3.87,0.26,74.69,17.97,4.67
2019,8,30,101.97,2.7,0.04,68.06,17.57,5.86
2019,8,31,101.08,5.09,0.09,61.81,19.2,4.36
2019,9,1,101.49,3.73,0.05,64.19,16.73,4.62
2019,9,2,102.16,4.07,0.01,65.44,16.06,5.86
2019,9,3,102.12,5.2,0.13,76.44,16.67,2.63
2019,9,4,101.39,6.59,4.16,75.44,16.57,3.2
2019,9,5,102.07,5.41,0.28,66.62,14.18,4.28
2019,9,6,102.06,5.25,0.88,73.75,13.82,3.94
2019,9,7,101.84,5.06,3.65,78.75,14.08,3.49
2019,9,8,101.87,3.9,1.24,71.88,13.69,4.08
2019,9,9,101.34,3.23,0.06,72.69,12.31,3.21
2019,9,10,101.61,2.2,0.02,67.25,14.33,4.57
2019,9,11,101.96,6.57,1.34,87.5,16,2.1
2019,9,12,102.56,5.74,0.29,83.06,18.23,3.69
2019,9,13,103.05,4.01,0.64,84.56,16.65,3.1
2019,9,14,102.92,2.62,0,67.56,15.67,5.11
2019,9,15,102.2,2.77,0.03,66.81,16.88,5.16
2019,9,16,101.89,3.35,0.37,85.75,16.65,2.4
2019,9,17,102.16,4.23,0,73.25,14.19,3.59
2019,9,18,102.59,4.08,0,70.81,13.33,4.46
2019,9,19,102.83,3.52,0.01,75.56,13.22,4.25
2019,9,20,102.38,4.54,0,57.75,13.65,4.83
2019,9,21,101.26,5.06,0,61.12,16.37,4.67
2019,9,22,100.52,5.84,4.19,76.56,18.03,2.82
2019,9,23,101.06,4.98,0.63,74.25,16.55,3.69
2019,9,24,100.43,6.56,10.2,88.06,14.84,0.98
2019,9,25,100.2,7.15,4.62,88.38,15.21,1.7
2019,9,26,100.43,6.66,5.26,90.69,16.3,1.54
2019,9,27,100.55,7.91,2.39,83.44,15.13,3.08
2019,9,28,100.84,7.79,3.2,82.88,15.3,2.49
2019,9,29,99.82,10.55,6.87,84.94,15.7,1.62
2019,9,30,100.76,6.05,1.55,78.12,15.26,2.49
2019,10,1,99.87,6.01,15.02,86.5,16.28,1.86
2019,10,2,101.21,6.37,0.65,71.12,11.51,3.42
2019,10,3,101.53,3.82,0.44,73.25,10.61,2.44
2019,10,4,100.35,6.66,5.5,83.88,12.7,2.12
2019,10,5,101.24,3.63,0.18,82.31,10.57,1.92
2019,10,6,100.76,5.82,11.24,87.56,12.86,2.07
2019,10,7,101.25,3.7,2.3,86.88,12.35,1.78
2019,10,8,100.58,6.04,5.08,84.62,13.83,1.61
2019,10,9,100.44,6.62,7.89,89.81,11.52,1.63
2019,10,10,101.04,7.05,0.34,79.69,12.69,2.88
2019,10,11,100.86,8.75,1.3,84.81,14.34,1.39
2019,10,12,100.68,5.09,3.26,92.56,13.58,1.68
2019,10,13,100.56,6.27,1.56,88.12,16.01,1.89
2019,10,14,100.57,4.57,6.4,90.94,15.53,2.15
2019,10,15,100.35,4.19,3.9,91.75,13.28,1.38
2019,10,16,100.39,6.66,10.92,93.31,12.33,0.95
2019,10,17,100.61,4.88,1.16,84.5,12.8,2.64
2019,10,18,100.21,7.92,3.76,83,12.36,1.97
2019,10,19,100.17,5.66,5.65,88.06,11.4,1.8
2019,10,20,100.63,3.3,3.88,91.5,10.55,1.09
2019,10,21,101.27,3.53,6.82,90.5,11.8,0.93
2019,10,22,102.09,1.82,0.47,91.62,11.1,2.03
2019,10,23,101.12,3.56,0.22,90.25,12.2,1.62
2019,10,24,100.52,6.38,0.68,88.44,13.85,2.03
2019,10,25,101.39,7.44,0.47,89,13.05,1.62
2019,10,26,100.97,8.51,2.91,82.5,14.83,2.42
2019,10,27,101.95,3.59,1.09,77.06,9.37,1.48
2019,10,28,102.11,2.43,0.03,80.75,9.08,2.3
2019,10,29,102.25,4.65,0.01,80.38,7.88,2.02
2019,10,30,102.29,5.36,0,80.25,6.3,1.55
2019,10,31,101.77,4.29,0.02,84.75,4.79,1.98
2019,11,1,100.05,5.95,5.01,96.19,10.2,0.82
2019,11,2,98.48,10.08,4.86,82.38,12.69,1.73
2019,11,3,98.14,3.77,4.04,93.88,9.58,0.84
2019,11,4,98.43,5.73,4.84,89.88,10.25,1.4
2019,11,5,99.36,3.21,2.02,93.38,8.76,1.33
2019,11,6,100.02,3.08,2.02,85.81,8.62,1.16
2019,11,7,99.39,6.52,7.26,89.56,7.38,1.29
2019,11,8,100.34,3.54,0.84,93.38,5.91,1.53
2019,11,9,100.49,4.53,0.57,86.69,6.12,1.68
2019,11,10,100.91,3.53,0.05,87.06,4.34,2.03
2019,11,11,100.15,6.51,4.82,92.31,5.46,0.8
2019,11,12,99.72,5.94,3.09,86.12,5.95,1.64
2019,11,13,99.71,4.83,1.39,90.06,7.08,1.31
2019,11,14,99.67,5.2,3.45,90.62,4.77,1.1
2019,11,15,99.83,4.77,1.02,93.81,3.51,0.32
2019,11,16,100.5,3.55,0.06,90.62,3.58,1
2019,11,17,100.89,2.28,0.07,91.38,4.15,1.6
2019,11,18,100.88,4.32,3.46,91.5,6.36,0.61
2019,11,19,101.52,3.33,0.27,83.75,4.12,1.63
2019,11,20,101.32,4.16,0.01,90.06,1.43,1.53
2019,11,21,100.41,4.68,0.19,95.69,2.29,0.79
2019,11,22,99.85,6.8,0.26,92.88,6.57,1.33
2019,11,23,99.43,5.12,1.78,92.88,5.89,0.63
2019,11,24,100.36,3.7,0.11,97.44,5.76,0.85
2019,11,25,100.45,5.49,0.31,93.62,7.59,0.98
2019,11,26,99.76,6.38,1.28,94.75,9.83,0.41
2019,11,27,98.4,8.73,13.92,91.81,10.06,0.66
2019,11,28,99.17,6.79,7.1,93.06,9.13,0.63
2019,11,29,101.09,3.31,1.16,85.25,5.84,1.13
2019,11,30,102.01,2.91,0.28,92.75,2.76,1.48
2019,12,1,101.87,5.33,0.21,94.5,2.01,0.62
2019,12,2,102.6,3.59,0.3,92.94,4.54,1.09
2019,12,3,102.58,3.27,0.12,97.69,2.21,1.31
2019,12,4,101.97,2.45,0.04,90.56,1.96,1.36
2019,12,5,101.81,5.33,0.9,96.75,1.58,0.6
2019,12,6,100.68,9.52,5.44,93.88,6.25,0.29
2019,12,7,101.07,6.05,0.17,93.38,7.94,0.67
2019,12,8,99.97,10.79,3.8,83.25,9.36,0.92
2019,12,9,100.39,8.92,5.16,84.69,7.1,0.56
2019,12,10,101.67,8.19,0.54,87.12,3.94,0.85
2019,12,11,100.4,5.03,2.84,93.31,6.11,0.63
2019,12,12,99.14,7.95,6.54,94,3.65,0.8
2019,12,13,97.63,8.05,12.06,89.44,6.27,0.39
2019,12,14,98.87,8.33,3.5,87.31,7.04,0.62
2019,12,15,99.63,8.48,2.78,86.81,6.76,1.05
2019,12,16,100.04,4.64,3.87,97.06,6.78,0.28
2019,12,17,99.8,5.73,1.42,92.88,8.86,0.69
2019,12,18,101.01,5.83,0.31,96.88,5.7,1
2019,12,19,100.06,7.57,2.58,93.88,9.33,0.4
2019,12,20,98.24,8.95,12.93,91.5,9.66,0.56
2019,12,21,98.22,7.65,2.74,92.81,7.19,0.59
2019,12,22,98.19,6.27,6.36,94.88,7.42,0.39
2019,12,23,100.49,6.55,0.59,92.25,7.64,0.99
2019,12,24,100.71,8.21,2.06,89.75,8.66,0.82
2019,12,25,101.97,4.67,0.35,91.12,6.48,0.68
2019,12,26,101.87,5.14,5.53,94.94,4.83,0.41
2019,12,27,102.54,2.55,0.78,95.94,6.55,0.44
2019,12,28,103.58,2.73,0.06,94.31,4.06,0.68
2019,12,29,103.34,4.38,0.03,88.81,1.38,0.84
2019,12,30,102.86,5.41,0.01,90.56,1.1,1.3
2019,12,31,103.04,3.12,0.18,96.19,3.14,0.88
2020,1,1,102.86,3.92,0.22,94.12,0.79,0.62
2020,1,2,102.14,5.84,0.22,96.62,4.14,0.65
2020,1,3,101.85,7.4,2.12,90.62,7.34,0.44
2020,1,4,103.01,4.96,0.03,95.12,4.74,0.99
2020,1,5,103.19,3.71,0.29,95.25,5.23,0.61
2020,1,6,102.24,6.12,0.16,90.88,3.79,1.37
2020,1,7,102.21,6.3,0.34,93.38,7.15,0.89
2020,1,8,102.01,5.12,3.55,96.88,9.74,0.38
2020,1,9,100.86,8.12,1.97,93.88,10.46,0.44
2020,1,10,101.87,4.77,1.05,93.44,5.91,0.69
2020,1,11,102.6,7.12,0,90,4.37,0.93
2020,1,12,101.85,7.74,0.57,93.75,6.03,0.78
2020,1,13,101.12,8.14,0.61,93.62,6.4,0.93
2020,1,14,100.05,12.63,5.25,85.88,9.33,0.51
2020,1,15,100.86,9.18,2.6,87.94,7.62,0.39
2020,1,16,101.79,7.53,0.06,92,6.63,1.29
2020,1,17,101.3,6.96,1.54,91.06,6.98,0.96
2020,1,18,102.41,4.83,0.45,89.12,4.17,1.51
2020,1,19,103.85,4.66,0.79,90.38,4.1,1.47
2020,1,20,104.48,1.36,0.06,93.81,3.26,0.84
2020,1,21,103.95,2.09,0.05,93.5,1.01,1.23
2020,1,22,103.47,1.38,0.32,95.44,2.19,0.99
2020,1,23,102.88,2.37,0.12,94.44,2.67,0.96
2020,1,24,102.15,2.09,0.21,92.75,0.94,0.59
2020,1,25,101.82,3.15,0.14,96.75,1.33,0.75
2020,1,26,101.12,6.37,2.18,95.38,4.55,1.1
2020,1,27,100.02,7.27,7.04,94.31,7.56,0.7
2020,1,28,99.37,9.05,3.11,84.69,4.98,1.54
2020,1,29,100.66,6.95,0.08,88.88,4.63,1.87
2020,1,30,100.44,8.25,0.81,94.19,7.37,0.63
2020,1,31,100.58,8.25,0.55,92.06,10.47,0.95
2020,2,1,100.36,8.62,5.72,87.62,9.61,1.05
2020,2,2,100.68,8.09,6.3,92.69,9.49,0.82
2020,2,3,101.01,8.23,6.29,87.12,9.15,0.96
2020,2,4,101.64,8.84,1.79,85.12,6.16,1.13
2020,2,5,103.29,1.94,0.17,81.81,6.24,1.13
2020,2,6,102.96,2.19,0,87.94,3.55,2.27
2020,2,7,102.04,5.57,0.02,86.06,2.7,2.18
2020,2,8,101.57,5.81,2.69,96.81,6.01,0.65
2020,2,9,99.85,14.99,7.01,87.75,8.96,0.69
2020,2,10,99.51,14.26,4.61,76,8.23,1.41
2020,2,11,100.44,12.52,0.43,70.69,5.69,2.11
2020,2,12,101.22,8.06,0.32,79.06,5.21,2.14
2020,2,13,99.88,8.84,12.75,91.19,5.91,1.34
2020,2,14,101.61,5.04,0.14,88,6.86,1.65
2020,2,15,101.1,10.52,0.34,86.12,9.53,1.25
2020,2,16,99.93,14.2,11.17,83.62,11.72,0.88
2020,2,17,100.99,10.29,1.66,83.19,7.7,2.07
2020,2,18,101.73,9.43,5.18,82.56,7.18,1.99
2020,2,19,101.69,7.38,1.24,82.94,6.26,2.18
2020,2,20,101.2,10.01,4.73,85.75,7.9,1.45
2020,2,21,102.18,8.49,0.3,81.69,6.77,1.78
2020,2,22,101.84,10.65,1.1,90.44,8.3,0.96
2020,2,23,101.49,10.72,6.58,86.69,9.81,0.73
2020,2,24,101.03,9.27,5.13,85.44,8.93,0.94
2020,2,25,99.78,7.87,5.44,83.5,6.56,2.16
2020,2,26,99.93,7.64,3.83,84.44,4.27,2.14
2020,2,27,100.01,6.23,7.86,88.81,3.11,0.99
2020,2,28,100.74,8.09,5.63,90.25,4.41,1.25
2020,2,29,98.88,11.6,2.02,79.69,7.98,1.69
2020,3,1,98.98,8.36,1.72,85,6.1,2.23
2020,3,2,98.75,5.32,3.84,90.31,5.01,1.36
2020,3,3,100.04,4.92,1.91,88.12,4.9,2.66
2020,3,4,100.66,4.54,2.45,88.25,5.21,2.24
2020,3,5,98.92,5.44,22.94,94.88,5.9,0.55
2020,3,6,99.93,6.42,4.25,88.12,5.44,2.52
2020,3,7,101.44,5.73,0.08,83.62,6.19,2.63
2020,3,8,100.78,8.55,0.95,87.19,8.35,1.55
2020,3,9,100.98,6.7,4.41,84.94,7.3,3
2020,3,10,100.4,10.84,10.95,91.38,10.75,1.13
2020,3,11,100.82,8.73,7.45,87.12,12.19,1.85
2020,3,12,100.89,10.58,0.78,73.38,8.44,3.91
2020,3,13,101.55,6.96,0.31,81.44,7.34,3.2
2020,3,14,101.52,6.03,0.94,89.69,6.72,2.09
2020,3,15,100.97,6.32,0.16,85.31,9.16,1.92
2020,3,16,101.84,2.55,0.03,82.94,7.83,2.38
2020,3,17,102.66,4.68,0.03,77.19,7.11,4.59
2020,3,18,102.43,5.17,0,81.94,8.51,4.25
2020,3,19,102.27,2.43,0.45,87.12,8.91,2.84
2020,3,20,102.39,6.7,2.49,85.5,6.83,1.28
2020,3,21,102.38,7.85,0.03,76.19,5.16,3.27
2020,3,22,102.53,7.32,0,69.75,4.47,5.03
2020,3,23,102.74,5.72,0,66.25,3.87,5.27
2020,3,24,102.65,4.7,0,65,3.9,5.21
2020,3,25,102.32,4.29,0,65.88,4.17,5.27
2020,3,26,101.99,5.27,0,72.25,4.48,5.21
2020,3,27,101.86,5.18,0,79.75,6.11,4.74
2020,3,28,102.22,8.15,0.12,78.56,7.32,4.71
2020,3,29,102.99,9.77,0.44,63.62,4.29,4.31
2020,3,30,102.94,4.34,0.46,78.94,3.63,4.81
2020,3,31,102.74,5.17,0.07,73.56,4.84,5.56
2020,4,1,102.06,2.59,0,76,3.55,5.55
2020,4,2,101.28,4.28,0.25,82.06,6.62,4
2020,4,3,101.54,3.9,0.02,76.62,7.14,3.45
2020,4,4,102.01,3.43,0,72.19,8.35,5.03
2020,4,5,101.54,5.44,0,71.25,10.84,5.93
2020,4,6,101.76,5.37,0.87,82.69,11.13,3.49
2020,4,7,102.68,2.58,0.42,80.69,11.95,5.37
2020,4,8,102.21,2.1,0.37,75,14.19,5.39
2020,4,9,102.28,3.71,0.02,78,13.48,5.36
2020,4,10,102.3,4.24,0.03,76.19,13.27,5.72
2020,4,11,102.03,2.12,0.83,63.06,14.26,5.84
2020,4,12,101.33,2.82,0.04,66.06,14.07,4.87
2020,4,13,102.08,7.95,0.28,73,7.55,4.83
2020,4,14,102.54,3.77,0.13,72.5,6.12,5.08
2020,4,15,102.08,3.23,0,72.88,9.1,6.28
2020,4,16,101.41,2.48,0,75.94,11.78,5.28
2020,4,17,101.35,5.34,0.24,75.69,12.55,4.8
2020,4,18,101.38,2.99,9.37,82.94,12.25,3.05
2020,4,19,101.54,4.68,0.04,74.69,11.86,4.71
2020,4,20,101.39,7.7,0,61.88,11.69,6.71
2020,4,21,101.34,7.27,0,63.19,12.33,6.42
2020,4,22,101.61,5.67,0,66.88,13.2,6.74
2020,4,23,101.63,2.55,0.03,70.12,13.83,6.92
2020,4,24,101.32,3.48,0.01,75.56,11.51,6.28
2020,4,25,101.25,3.8,0.01,78.56,9.19,5.97
2020,4,26,100.99,2.03,0.06,74.62,9.9,7.13
2020,4,27,100.53,3.39,0.01,72.5,12.3,6.51
2020,4,28,100.13,3.39,5.15,88.38,11.38,2.73
2020,4,29,100.13,5.98,4.03,84.19,11.31,3.73
2020,4,30,99.67,7.78,4.26,79,10.51,5.6
2020,5,1,99.82,6.93,3.02,82.5,10.36,5.24
2020,5,2,100.86,4.8,0.86,78.56,10.02,5.9
2020,5,3,101.43,2.77,0.8,79.88,10.98,3.25
2020,5,4,101.63,4.66,0.32,78.38,12.01,4.01
2020,5,5,101.87,6.54,0,66.94,9.86,6.08
2020,5,6,102.25,3.84,0,69.12,11,7.63
2020,5,7,102.08,2.03,0,68.19,12.75,6.54
2020,5,8,101.58,2.39,0,65.69,14.65,5.69
2020,5,9,100.94,3.41,0,68.12,16.58,6.21
2020,5,10,100.52,5.86,7.71,81,13.64,1.95
2020,5,11,101.33,10.48,0.29,60.62,8.34,7.06
2020,5,12,101.72,2.45,0.41,65.44,8.16,5.76
2020,5,13,101.3,5.57,1.31,67.31,7.98,6.08
2020,5,14,101.84,6.12,0.1,66.06,8.23,7.83
2020,5,15,102.08,3.83,0.01,68.5,9.32,8.12
2020,5,16,102.15,3.09,0.01,71,10.21,6.11
2020,5,17,102.19,3.57,0.02,74.44,12.52,7.07
2020,5,18,102.17,4.59,0.06,72.94,13.97,7.76
2020,5,19,102.1,2.94,0.04,77.62,15.65,7.7
2020,5,20,102.03,2.05,0.13,77.31,17.26,7.36
2020,5,21,101.77,2.51,0.22,73.62,19.54,7.12
2020,5,22,101.59,6.92,0.65,77.69,16.46,4.28
2020,5,23,102.17,8.12,0.16,73.12,13.71,7.01
2020,5,24,102.78,5.3,0.26,77,14.49,4.59
2020,5,25,103.22,2.34,0,71.56,16.03,7.44
2020,5,26,103.3,2.77,0,73.25,16.05,7.33
2020,5,27,103.29,4.47,0.02,73.25,15.3,7.81
2020,5,28,103.06,5.73,0,66.81,14.8,8.4
2020,5,29,102.48,4.43,0.02,64.19,15.03,8.4
2020,5,30,102.03,4.3,0,63.81,16.64,8.24
2020,5,31,101.96,4.94,0.01,63.69,16.28,7.88
2020,6,1,101.89,4.29,0,67.12,17.36,7.7
2020,6,2,101.49,3.12,0.05,69.12,17.56,7.59
2020,6,3,100.44,4,0.04,74,15.62,6.46
2020,6,4,99.79,5.73,2.88,79.38,12.7,3.06
2020,6,5,99.38,6.23,8.35,80.19,11.73,3.98
2020,6,6,99.79,8.51,7.6,73.44,11.63,6.87
2020,6,7,100.62,4.42,2.6,78.06,13.18,6.57
2020,6,8,101.39,5.22,5.05,84.5,12.3,3.12
2020,6,9,101.71,3.84,2.95,82.44,11.8,4.62
2020,6,10,101.34,1.65,0.32,71.31,14.01,5.69
2020,6,11,100.79,3.83,0.83,80.31,15.74,4.19
2020,6,12,100.42,4.08,5.22,86,16.08,3.34
2020,6,13,100.81,2.27,2.03,74.88,18.86,7.15
2020,6,14,101.27,2.5,0.08,77.19,17.48,6.4
2020,6,15,101.42,1.69,1.11,74.31,18.63,6.13
2020,6,16,101.25,1.24,3.92,75.5,18.33,5.84
2020,6,17,100.96,1.81,26.36,83.38,17.37,3.96
2020,6,18,100.88,3.55,8.58,80.19,17.15,5.61
2020,6,19,101.44,4.43,0.77,80.31,16.14,5.49
2020,6,20,101.88,2.42,0.17,76.62,16.41,6.2
2020,6,21,101.72,5.63,1.48,79.25,16.51,4.25
2020,6,22,102.32,2.86,0.17,72,17.11,8.14
2020,6,23,102.22,2.1,0,68.19,19.52,8.2
2020,6,24,101.86,4.2,0,67.75,21.71,8.4
2020,6,25,101.38,3.53,0,65.62,21.83,8.41
2020,6,26,100.81,3.46,3.45,80,20.89,4.88
2020,6,27,100.66,5.9,3.89,81.38,18.86,4.16
2020,6,28,101.04,7.35,0.15,71.19,16.2,7.04
2020,6,29,100.99,8.44,0.09,71.19,15.24,6.22
2020,6,30,100.7,6.95,6.37,84.56,16.65,2.91
2020,7,1,100.51,6.41,8.07,81.56,17.81,4.76
2020,7,2,100.99,6.32,0.67,78.25,16.52,6.29
2020,7,3,101.49,6.69,0.34,77.12,16.48,6.61
2020,7,4,101.17,9.01,7.09,85.69,17.5,2.79
2020,7,5,101.02,10.36,4.87,78.06,17.62,5.26
2020,7,6,101.63,6.16,0.16,71.88,15.29,5.88
2020,7,7,101.76,4.23,0.54,72.56,16.26,6.27
2020,7,8,101.31,5.34,13.64,89.06,16.55,2.31
2020,7,9,101.08,6.59,2.22,83.44,18.03,5.26
2020,7,10,101.37,4.94,2.03,78.12,15.74,4.99
2020,7,11,102.34,3.41,0.11,74.19,14.72,7.52
2020,7,12,102.58,2.95,0.02,71.19,15.72,7.82
2020,7,13,102.08,2.14,0.01,70.12,17.65,7.8
2020,7,14,101.38,3.19,7.48,85.06,16.26,3.05
2020,7,15,101.36,2.15,3.47,82.62,15.81,4.17
2020,7,16,101.66,4.17,3.16,85.56,16.02,2.51
2020,7,17,101.87,2.31,0.23,80.38,18.57,5.21
2020,7,18,101.66,3.08,0.03,81.12,17.91,6.15
2020,7,19,101.5,4.3,1.6,83.81,16.76,5.95
2020,7,20,101.97,4.02,0.02,71.06,15.88,7.48
2020,7,21,102.32,3.12,0.02,69.88,15.33,7.64
2020,7,22,102.17,2.29,0.01,65.56,15.41,7.31
2020,7,23,101.47,3.55,0,65.62,17.58,5.94
2020,7,24,101.08,4.36,1.23,81.38,18.16,4.14
2020,7,25,100.78,5.74,9.3,84.75,18.53,3.09
2020,7,26,100.97,5.64,0.54,77.81,17.8,6.08
2020,7,27,100.82,6.09,2.71,74.75,19.17,5.15
2020,7,28,101.16,5.98,2.03,75.5,17.58,5.93
2020,7,29,101.81,2.5,0.01,65,17.22,7.2
2020,7,30,101.72,2.22,0,64.44,19.52,7.53
2020,7,31,101.18,4.39,0.13,61.31,23.15,6.39
2020,8,1,101.34,4.51,0.2,78.31,19.76,6.79
2020,8,2,101.39,4.23,0.41,77.06,17.76,6.41
2020,8,3,101.26,3.56,1.53,80.38,16.34,4.34
2020,8,4,101.48,2.83,0,68.75,17.43,6.38
2020,8,5,101.31,4.32,0,66.06,19.82,7.22
2020,8,6,101.57,1.78,0.01,62.12,21.91,6.84
2020,8,7,101.65,2.48,0.01,56,24.67,7.01
2020,8,8,101.63,1.96,0.01,59.19,25.06,5.47
2020,8,9,101.44,3.79,2.79,70.56,23.28,5.53
2020,8,10,101.18,2.09,0.7,66.69,25.05,4.72
2020,8,11,101.2,1.63,0.08,66.88,24.97,5.07
2020,8,12,101.1,1.56,0.1,69.5,24.52,5.05
2020,8,13,100.94,1.47,1.01,70.69,24.02,5.12
2020,8,14,101.08,2.05,5.83,86.25,21.12,2.81
2020,8,15,101.21,1.41,4.9,81.62,21.39,4.11
2020,8,16,100.82,1.18,7.04,79,21.73,3.68
2020,8,17,100.74,3.12,2.02,82.38,18.84,4.4
2020,8,18,100.86,3.73,0.23,74.56,19.22,5.06
2020,8,19,100.46,4.8,5.11,79.5,19.63,3.37
2020,8,20,100.32,3.88,2.24,81.94,22.3,4.47
2020,8,21,100.6,6.73,0.39,70.62,21.88,5.91
2020,8,22,101.25,7.76,2.31,79.19,18.33,4.36
2020,8,23,101.45,6.61,3.61,80.81,17.27,3.55
2020,8,24,101.38,5.02,1.98,77.25,17.33,3.91
2020,8,25,100.47,9.2,2.77,79.94,17.73,2.85
2020,8,26,100.96,9.5,0.32,72.38,18.13,3.36
2020,8,27,100.96,4.6,5.27,79.06,17.63,4.24
2020,8,28,99.89,6.11,4.8,82.94,16.55,3.98
2020,8,29,100.2,5.2,7.15,86.12,14.98,2.66
2020,8,30,101.04,7,7.56,82.56,16.06,2.87
2020,8,31,101.79,3.3,0.23,74.06,15.3,3.62
2020,9,1,101.8,2.72,0.22,74.25,14.33,3.72
2020,9,2,101.75,1.52,0.05,71.88,15.42,4.78
2020,9,3,101.6,6.98,3.6,83.56,17.3,2.16
2020,9,4,101.88,4.53,1.02,80.19,17.27,3.68
2020,9,5,101.81,4,2.12,74.88,15.18,4.77
2020,9,6,101.86,2.91,0.09,71.38,14.88,4.71
2020,9,7,102.17,4.31,0.35,79.75,15.66,4.29
2020,9,8,102.27,4.18,0.76,87.12,17.97,2.73
2020,9,9,102.05,4.48,0.74,84.81,18.32,4.56
2020,9,10,101.97,2.38,0,76.94,15.6,4.67
2020,9,11,101.51,2.62,0,77.88,16.08,4.44
2020,9,12,101.85,4.29,0.05,82.44,15.51,4.02
2020,9,13,102.26,3.22,0.09,78.12,17.45,4.95
2020,9,14,102,2.44,0.06,67.44,19.65,4.94
2020,9,15,101.62,3.07,0.09,75.06,21.32,4.6
2020,9,16,101.97,5.16,0.1,81.75,19.13,4.02
2020,9,17,102.46,6.07,0.01,66.38,15.54,4.97
2020,9,18,101.95,5.37,0.06,69.5,15.4,4.64
2020,9,19,101.4,4.12,0.14,69.25,18.01,3.58
2020,9,20,101.42,4.02,0,68.88,16.69,3.71
2020,9,21,101.39,2.48,0.32,81.62,14.91,4.7
2020,9,22,100.81,2.34,1.01,78.81,16.3,4.22
2020,9,23,100.06,6.59,11.72,84.69,16.66,2.21
2020,9,24,99.71,6.88,5.99,85,13.1,2.93
2020,9,25,99.46,9.95,10.66,83.12,10.72,1.87
2020,9,26,100.02,10.87,21.8,85.81,12.29,1.39
2020,9,27,100.13,8.81,12.48,86.69,15.5,1.42
2020,9,28,100.79,5.18,5.35,91,15.02,0.88
2020,9,29,101.31,3.2,1.81,88.75,14.78,2.11
2020,9,30,100.89,5.05,6.42,88,14.75,2.09
2020,10,1,99.67,5.67,9.39,87.62,12.91,2.16
2020,10,2,98.75,6.74,20.08,92.5,11.42,1.08
2020,10,3,98.53,3.85,8.9,86.94,11.6,2.04
2020,10,4,98.59,8.44,11.46,85.75,11.16,2.23
2020,10,5,99.4,7.28,7.64,87.88,12.6,2.06
2020,10,6,99.7,8.58,4.92,85.44,13.26,2.53
2020,10,7,101.02,6.12,0.82,82.62,12.53,2.58
2020,10,8,101.12,7.62,5.17,90.94,14.42,1.52
2020,10,9,101.6,3.54,3.43,81.94,12.38,2.46
2020,10,10,101.88,6.12,5.58,81.62,10.14,2.94
2020,10,11,102,4.7,2.13,83.56,10.55,2.27
2020,10,12,101.74,3.6,1.21,82.94,10.67,2.41
2020,10,13,100.88,6.07,8.89,90.75,8.63,1.08
2020,10,14,101.63,5.27,0.12,86.69,8.63,2.19
2020,10,15,101.92,4.7,0.11,80.44,9.13,2.2
2020,10,16,102.08,3.16,0.02,82.69,7.44,1.99
2020,10,17,101.94,1.44,2.01,87.06,8.35,2.09
2020,10,18,102.04,2.3,5.23,86.94,10.08,1.68
2020,10,19,101.61,4.65,0.18,83.5,9.1,2.48
2020,10,20,100.44,6.95,4.27,91.69,11.73,0.84
2020,10,21,99.9,9.4,12.7,86.94,14.89,1.66
2020,10,22,100.84,5.13,0.13,89.5,12.29,1.45
2020,10,23,100.83,4.47,0.28,89.75,11.88,2.21
2020,10,24,100.52,9.16,2.05,87.69,13.26,1.48
2020,10,25,99.8,7.16,13.42,91.69,11.33,0.97
2020,10,26,99.8,6.99,2,90.56,9.53,1.98
2020,10,27,99.94,7.4,10.22,91.38,10.21,1.18
2020,10,28,100.36,7.74,10.58,91.44,10.03,1.38
2020,10,29,101.23,7.03,4.51,92.5,11.17,1.22
2020,10,30,101.69,8.03,1.22,90.38,13.88,1.22
2020,10,31,101.39,6.97,5.87,87.69,12.47,1.68
2020,11,1,100.6,8.79,2.85,92.12,14.15,0.91
2020,11,2,100.67,10.52,6.46,84.81,14.63,0.99
2020,11,3,101.88,6.56,3.32,85.94,8.4,1.71
2020,11,4,103.04,2.04,0.04,83.31,7.61,2.27
2020,11,5,103.62,1.46,0.03,87.19,6.05,2.36
2020,11,6,102.82,3.81,0.25,84.31,5.03,2.01
2020,11,7,101.98,3.43,0.12,94.88,7.86,1.86
2020,11,8,101.79,3.62,0.19,95.88,10.62,1.27
2020,11,9,101.91,2.97,0.29,94.44,11.4,1.55
2020,11,10,102.24,2.69,0.96,94.19,10.89,0.84
2020,11,11,101.94,4.62,0.19,94.75,10.11,0.99
2020,11,12,101.38,6.14,0.62,87.38,9.73,1.56
2020,11,13,101.28,5.36,3.89,95.69,9.18,0.66
2020,11,14,101.03,6.41,0.46,90.94,11.62,1.35
2020,11,15,99.98,10.17,12.53,86.12,11.44,0.32
2020,11,16,101.13,7.13,1.29,87,10.28,0.83
2020,11,17,102.08,6.53,3.42,93.75,11.07,0.84
2020,11,18,101.73,7.16,0.86,85.38,10.75,1.73
2020,11,19,102.22,6.63,2.49,83.94,7.82,0.97
2020,11,20,103.18,3.96,0.07,81.06,4.95,1.35
2020,11,21,102.64,6.95,2.23,92.12,8.31,0.98
2020,11,22,102.41,3.63,6.11,93.81,8.97,0.5
2020,11,23,102.56,2.73,0.16,88.12,6.66,0.74
2020,11,24,101.84,5.39,0.2,92.88,6.26,0.99
2020,11,25,101.35,5.23,0.77,94.12,5.91,0.98
2020,11,26,101.79,1.58,4.26,96.12,6.63,0.98
2020,11,27,101.62,2.11,3.71,96.31,6.65,0.52
2020,11,28,101.71,3.53,0.02,92.69,4.63,1.41
2020,11,29,102.35,2.93,0.1,95.06,1.62,0.44
2020,11,30,102.07,4.97,8.82,96.81,3.86,0.46
2020,12,1,101.71,8.35,6.75,84.62,8.06,0.91
2020,12,2,101.38,2.45,5.61,94.31,5.61,0.56
2020,12,3,99.08,7.07,6.91,94.81,4.89,0.31
2020,12,4,97.85,8.42,1.9,88.81,4.37,0.64
2020,12,5,99.26,4.88,0.46,93.56,1.76,0.74
2020,12,6,99.82,2.08,0.94,96.31,0.96,1.01
2020,12,7,99.64,2.86,0.74,96.12,1.55,0.68
2020,12,8,100.17,1.73,0.14,96.69,0.91,0.78
2020,12,9,100.55,4.88,0.88,97.88,1.87,0.58
2020,12,10,100.15,5.2,0.02,92.56,2.01,0.92
2020,12,11,98.76,5.47,5.83,96.44,4.66,0.27
2020,12,12,99.53,3.96,1.14,97.31,7.08,0.43
2020,12,13,100.46,6.63,1.67,95,5.39,0.58
2020,12,14,100.2,7.08,1.59,94.62,8.44,0.89
2020,12,15,100.67,4.38,0.47,96.38,7.51,0.86
2020,12,16,101.02,6.23,1.5,95.25,6.37,0.77
2020,12,17,101.49,6.17,1.13,96.12,7.23,0.99
2020,12,18,101.45,7.91,0.07,93.75,6.89,1
2020,12,19,100.85,7.52,1.16,96.12,7.97,0.48
2020,12,20,101.37,6.4,0.84,95.69,6.96,0.9
2020,12,21,100.91,8.48,8.58,95.38,8.68,0.24
2020,12,22,100.96,6.37,2.66,95.88,11.82,0.52
2020,12,23,100.51,5.77,12.21,95.75,10.5,0.47
2020,12,24,101.17,7.25,6.93,89.12,5.9,0.57
2020,12,25,102.37,5.18,2.06,86.75,4.48,0.89
2020,12,26,101.6,7.95,1.53,92.44,4.27,0.64
2020,12,27,97.91,10.06,15.37,93.88,4.9,0.3
2020,12,28,97.29,4.07,0.57,96.19,2.63,0.7
2020,12,29,98.63,3.52,1.33,93.25,2.93,0.74
2020,12,30,99.94,3.85,1.24,93.12,3.69,0.77
2020,12,31,100.1,2.51,2.48,93.56,2.27,0.88
2021,1,1,100.79,3.32,0.65,94.94,1.5,1.1
2021,1,2,101.14,2.15,1.78,95.88,3.81,0.78
2021,1,3,101.35,3.73,0.4,95.56,2.08,0.5
2021,1,4,101.43,6.43,1.35,93.94,2.01,0.47
2021,1,5,101.52,4.47,0.29,94.75,1.35,0.25
2021,1,6,101.5,3.18,1.44,95.5,1.58,0.53
2021,1,7,101.3,3.66,3.26,92.88,2.19,0.69
2021,1,8,101.52,3.14,0.85,94.44,1.56,1.1
2021,1,9,102.27,1.94,0.07,94.38,1.2,1.14
2021,1,10,102.28,2.92,0.08,93.44,0.89,1.35
2021,1,11,101.58,6.89,2.34,95.62,4.42,0.66
2021,1,12,100.96,7.06,10.4,88.12,5.92,0.72
2021,1,13,101.54,3.07,4.28,93.25,3.03,0.61
2021,1,14,101.52,5.88,15.16,94.19,1.3,0.5
2021,1,15,102.62,3.22,0.09,90,-0.52,0.9
2021,1,16,101.99,5.06,4.65,91.25,-0.2,0.34
2021,1,17,101.86,4.88,0.56,96.12,3.63,0.97
2021,1,18,101.98,5.69,0.59,95.69,3.76,0.8
2021,1,19,100.53,10.71,7.8,92.69,6.93,0.5
2021,1,20,99.21,10.67,0.91,84.38,7.62,0.85
2021,1,21,98.5,9.26,11.19,85.69,6.53,1.13
2021,1,22,99.04,4.18,0.66,92.81,3.35,1.3
2021,1,23,99.21,3.62,0.74,93.94,2.52,0.61
2021,1,24,99.52,4.18,2.17,88.31,1.22,0.64
2021,1,25,100.42,4.73,0.56,89.12,1.62,1.7
2021,1,26,101.5,5.33,1.43,89.62,2.54,1.12
2021,1,27,100.94,4.43,2.95,95.81,5.16,0.74
2021,1,28,99.99,6.41,16.2,95.25,8.86,0.82
2021,1,29,99.54,7.84,7.78,91.69,8.51,0.94
2021,1,30,99.67,7.1,8.49,92.44,2.62,0.49
2021,1,31,99.57,5.93,0.83,91.75,0.44,0.82
2021,2,1,99.32,2.78,1.6,94.75,3.01,0.8
2021,2,2,99.58,6.2,5.15,95.56,7.3,1.05
2021,2,3,99.5,6.86,13.75,94.25,8.07,0.9
2021,2,4,100.88,4.23,0.33,95.62,6.12,1.14
2021,2,5,100.8,3.08,0.9,96.19,6.85,1.18
2021,2,6,100.36,5.2,4.28,94.69,5.16,1.02
2021,2,7,99.58,8.19,4.78,88.44,-2.52,0.53
2021,2,8,99.85,7.19,0.9,83.81,-4.34,0.59
2021,2,9,100.43,7.1,0.03,83,-4.89,1.46
2021,2,10,101.24,5.09,0.05,88.31,-4.83,2.38
2021,2,11,102.59,4.6,0.01,88.5,-4.81,2.55
2021,2,12,102.92,7.41,0,86.38,-5.62,2.44
2021,2,13,103.38,6.8,0,80.5,-5.08,2.69
2021,2,14,102.98,7.65,0.07,75.88,-2.47,2.03
2021,2,15,102.02,6.83,3.92,94.31,2.58,1.02
2021,2,16,101.16,6.85,1.69,96.38,4.34,1.83
2021,2,17,101.23,7.15,0.24,92.69,6.73,2.09
2021,2,18,100.57,7.73,3.65,92.81,6.11,1.3
2021,2,19,101.08,6.7,0.22,94.19,5.54,1.86
2021,2,20,100.66,7.91,0.01,87.81,9.94,2.54
2021,2,21,100.91,5.53,0.01,87.5,9.85,2.77
2021,2,22,101.51,5.02,0.31,90.25,9.99,1.39
2021,2,23,102.48,6.34,0.06,88.69,10.99,2.61
2021,2,24,102.45,6.41,0.02,86.69,11.74,3.17
2021,2,25,102.48,3.62,0.77,91.88,9.48,2.35
2021,2,26,103.35,3.42,0.31,86.69,5.93,3.33
2021,2,27,103.78,3.2,0.04,90.56,4.26,2.95
2021,2,28,103.4,4.62,0.08,90.06,4.82,3.57
2021,3,1,102.97,4.07,0.11,90.62,4.44,3.46
2021,3,2,102.73,1.97,0.02,85.25,6.27,3.39
2021,3,3,102.51,1.61,2.67,89.5,8.4,2.63
2021,3,4,102.04,3.98,4.2,92.06,4.67,0.82
2021,3,5,102.71,5.38,0.04,77.81,2.61,3.74
2021,3,6,103.04,3.9,0.01,81.12,1.3,3.96
2021,3,7,102.41,3.25,0.01,82.69,1.12,3.7
2021,3,8,102.11,1.38,0.58,75.5,3.63,3.48
2021,3,9,101.71,3.91,1.51,89.81,5.75,2.39
2021,3,10,101.03,8.34,2.91,88,5.28,2.08
2021,3,11,99.66,12.89,1.63,80.56,8.99,3.25
2021,3,12,100.22,9.43,1.89,86,6.73,1.99
2021,3,13,99.45,11.69,5.79,79.44,7.25,3.06
2021,3,14,100.87,7.31,3.9,83.5,6.74,2.85
2021,3,15,101.56,6.19,1.15,83.88,6.79,3.38
2021,3,16,102.24,4.45,5.81,94.69,5.77,1.41
2021,3,17,102.61,7.05,1.99,87.38,6.07,1.81
2021,3,18,102.26,4.63,1.7,90.25,5.21,2.08
2021,3,19,102.35,5.88,0.02,80.06,4.37,4.69
2021,3,20,102.73,3.3,0.04,82.25,4.69,4.54
2021,3,21,102.39,5.68,0.27,82.38,6.83,2.39
2021,3,22,102.39,2.87,0.06,80.62,6.12,2.28
2021,3,23,102.29,3.88,0.05,86.19,6.58,4.12
2021,3,24,101.96,3.79,0.35,83.56,7.38,4.79
2021,3,25,101.78,4.44,0.98,83.69,8.05,3.86
2021,3,26,101.2,7.25,3.05,80.62,8.4,3.34
2021,3,27,101.93,7.12,1.25,77.19,6.59,4.45
2021,3,28,102.38,7.26,0.01,80.62,8.42,4.18
2021,3,29,102.64,5.33,0,79.38,9.99,5.51
2021,3,30,102.62,3.23,0,76.12,12.3,5.44
2021,3,31,101.92,2.04,0.01,66.81,15.05,5.13
