Time,Power - Solarpanels - L1,Power - Solarpanels - L2,Power - Solarpanels - L3,Total solar production
1602374400000.00,,,,0
1602396000000.00,,,,0
1602417600000.00,,,,0
1602439200000.00,,,,0
1602460800000.00,,,,0
1602482400000.00,,,,0
1602504000000.00,,,,0
1602525600000.00,,,,0
1602547200000.00,,,,0
1602568800000.00,,,,0
1602590400000.00,,,,0
1602612000000.00,,,,0
1602633600000.00,,,,0
1602655200000.00,,,,0
1602676800000.00,,,,0
1602698400000.00,,,,0
1602720000000.00,,,,0
1602741600000.00,,,,0
1602763200000.00,-47,-35,-20,-102
1602784800000.00,-47,-35,-22,-104
1602806400000.00,-44,-34,-20,-98
1602828000000.00,14199,14126,13823,42148
1602849600000.00,-47,-35,-21,-103
1602871200000.00,-47,-35,-20,-102
1602892800000.00,-46,-35,-20,-101
1602914400000.00,13648,13599,13387,40634
1602936000000.00,-82,-40,-26,-148
1602957600000.00,-47,-35,-22,-104
1602979200000.00,-44,-35,-20,-99
1603000800000.00,10491,10502,10395,31388
1603022400000.00,-46,-36,-22,-104
1603044000000.00,-46,-35,-22,-103
1603065600000.00,-46,-35,-21,-102
1603087200000.00,9295,9246,9056,27597
1603108800000.00,-100,-33,26,-107
1603130400000.00,-46,-34,-21,-101
1603152000000.00,-46,-34,-21,-101
1603173600000.00,3979,3957,3889,11825
1603195200000.00,-46,-34,-22,-102
1603216800000.00,-46,-34,-22,-102
1603238400000.00,-45,-33,-21,-99
1603260000000.00,16873,16771,16457,50101
1603281600000.00,-46,-35,-21,-102
1603303200000.00,-47,-36,-21,-104
1603324800000.00,-47,-36,-21,-104
1603346400000.00,10904,10835,10612,32351
1603368000000.00,-46,-34,-22,-102
1603389600000.00,-46,-35,-21,-102
1603411200000.00,-45,-34,-21,-100
1603432800000.00,9368,9314,9144,27826
1603454400000.00,-46,-35,-22,-103
1603476000000.00,-46,-34,-22,-102
1603497600000.00,-71,-28,35,-64
1603519200000.00,11342,11280,11074,33696
1603540800000.00,-48,-35,-21,-104
1603562400000.00,-46,-34,-21,-101
1603584000000.00,9,-36,-68,-95
1603605600000.00,3630,3614,3547,10791
1603627200000.00,-46,-35,-22,-103
1603648800000.00,-46,-33,-22,-101
1603670400000.00,-46,-35,-21,-102
1603692000000.00,5733,5706,5605,17044
1603713600000.00,-48,-35,-21,-104
1603735200000.00,-44,-35,-26,-105
1603756800000.00,-46,-34,-22,-102
1603778400000.00,7810,7781,7632,23223
1603800000000.00,-87,-38,-14,-139
1603821600000.00,-47,-35,-21,-103
1603843200000.00,-46,-33,-21,-100
1603864800000.00,6569,6536,6414,19519
1603886400000.00,-45,-34,-20,-99
1603908000000.00,-101,-32,30,-103
1603929600000.00,-46,-33,-21,-100
1603951200000.00,8543,8497,8318,25358
1603972800000.00,-45,-34,-20,-99
1603994400000.00,-47,-34,-21,-102
1604016000000.00,-46,-35,-20,-101
1604037600000.00,6996,6961,6817,20774
1604059200000.00,-46,-34,-22,-102
1604080800000.00,-46,-34,-22,-102
1604102400000.00,-45,-34,-21,-100
1604124000000.00,8321,8265,8117,24703
1604145600000.00,-46,-34,-21,-101
1604167200000.00,-84,-39,-25,-148
1604188800000.00,-46,-33,-21,-100
1604210400000.00,6496,6456,6350,19302
1604232000000.00,-45,-34,-21,-100
1604253600000.00,-46,-34,-22,-102
1604275200000.00,-45,-33,-22,-100
1604296800000.00,4402,4381,4307,13090
1604318400000.00,-45,-35,-21,-101
1604340000000.00,-44,-35,-21,-100
1604361600000.00,-45,-35,-21,-101
1604383200000.00,19156,19002,18797,56955
1604404800000.00,-45,-34,-21,-100
1604426400000.00,-46,-34,-21,-101
1604448000000.00,-45,-32,-21,-98
1604469600000.00,20976,20854,20415,62245
1604491200000.00,-46,-34,-21,-101
1604512800000.00,-47,-35,-21,-103
1604534400000.00,-46,-33,-21,-100
1604556000000.00,17472,17359,17020,51851
1604577600000.00,-46,-35,-21,-102
1604599200000.00,-47,-34,-21,-102
1604620800000.00,-45,-34,-21,-100
1604642400000.00,5543,5512,5413,16468
1604664000000.00,-43,-35,-29,-107
1604685600000.00,-45,-34,-21,-100
1604707200000.00,-45,-33,-20,-98
1604728800000.00,16143,16096,15746,47985
1604750400000.00,-46,-36,-21,-103
1604772000000.00,-47,-35,-21,-103
1604793600000.00,-46,-33,-21,-100
1604815200000.00,18122,18014,17637,53773
1604836800000.00,-22,-41,-75,-138
1604858400000.00,-48,-35,-21,-104
1604880000000.00,-47,-34,-22,-103
1604901600000.00,16426,16321,15997,48744
1604923200000.00,-48,-35,-21,-104
1604944800000.00,-47,-35,-21,-103
1604966400000.00,-46,-35,-22,-103
1604988000000.00,3785,3777,3703,11265
1605009600000.00,-47,-35,-21,-103
1605031200000.00,-46,-34,-21,-101
1605052800000.00,-46,-33,-22,-101
1605074400000.00,4990,4955,4865,14810
1605096000000.00,-53,-36,-21,-110
1605117600000.00,-47,-35,-20,-102
1605139200000.00,-47,-33,-21,-101
1605160800000.00,5463,5382,5207,16052
1605182400000.00,-46,-34,-22,-102
1605204000000.00,-47,-35,-21,-103
1605225600000.00,-46,-35,-21,-102
1605247200000.00,2843,2826,2779,8448
1605268800000.00,-46,-35,-21,-102
1605290400000.00,-45,-35,-28,-108
1605312000000.00,-46,-33,-22,-101
1605333600000.00,10501,10470,10402,31373
1605355200000.00,-46,-34,-22,-102
1605376800000.00,-47,-34,-22,-103
1605398400000.00,-48,-35,-20,-103
1605420000000.00,810,824,813,2447
1605441600000.00,-46,-35,-21,-102
1605463200000.00,-46,-35,-21,-102
1605484800000.00,-47,-34,-21,-102
1605506400000.00,5089,5075,4958,15122
1605528000000.00,-47,-34,-21,-102
1605549600000.00,-46,-35,-21,-102
1605571200000.00,-44,-34,-28,-106
1605592800000.00,4701,4666,4583,13950
1605614400000.00,-46,-33,-22,-101
1605636000000.00,-46,-34,-22,-102
1605657600000.00,-48,-35,-22,-105
1605679200000.00,14130,14018,13741,41889
1605700800000.00,-46,-34,-22,-102
1605722400000.00,-46,-35,-21,-102
1605744000000.00,-47,-33,-21,-101
1605765600000.00,4209,4196,4109,12514
1605787200000.00,-46,-34,-22,-102
1605808800000.00,-47,-34,-22,-103
1605830400000.00,-46,-34,-21,-101
1605852000000.00,13178,13099,12941,39218
1605873600000.00,-45,-34,-21,-100
1605895200000.00,-42,-35,-33,-110
1605916800000.00,-44,-34,-21,-99
1605938400000.00,3444,3432,3371,10247
1605960000000.00,-45,-34,-21,-100
1605981600000.00,-100,-32,27,-105
1606003200000.00,-45,-34,-21,-100
1606024800000.00,4502,4477,4383,13362
1606046400000.00,-45,-34,-21,-100
1606068000000.00,-46,-34,-21,-101
1606089600000.00,-45,-34,-22,-101
1606111200000.00,5315,5284,5198,15797
1606132800000.00,-47,-34,-22,-103
1606154400000.00,-103,-32,30,-105
1606176000000.00,-45,-34,-21,-100
1606197600000.00,8271,8227,8093,24591
1606219200000.00,-46,-35,-22,-103
1606240800000.00,-46,-34,-21,-101
1606262400000.00,-46,-34,-22,-102
1606284000000.00,8422,8369,8240,25031
1606305600000.00,-45,-34,-22,-101
1606327200000.00,-45,-34,-22,-101
1606348800000.00,-46,-33,-23,-102
1606370400000.00,6618,6590,6460,19668
1606392000000.00,-46,-35,-22,-103
1606413600000.00,-101,-31,30,-102
1606435200000.00,-45,-33,-22,-100
1606456800000.00,2422,2379,2328,7129
1606478400000.00,-86,-60,-22,-168
1606500000000.00,-47,-45,-23,-115
1606521600000.00,-46,-43,-23,-112
1606543200000.00,11451,11328,11129,33908
1606564800000.00,-47,-45,-23,-115
1606586400000.00,-48,-45,-24,-117
1606608000000.00,-47,-44,-23,-114
1606629600000.00,1845,1833,1813,5491
1606651200000.00,-103,-53,33,-123
1606672800000.00,-80,-59,-22,-161
1606694400000.00,-46,-44,-23,-113
1606716000000.00,1714,1686,1685,5085
1606737600000.00,-105,-53,32,-126
1606759200000.00,-47,-44,-23,-114
1606780800000.00,-47,-45,-23,-115
1606802400000.00,6662,6599,6503,19764
1606824000000.00,-47,-45,-23,-115
1606845600000.00,-46,-44,-24,-114
1606867200000.00,-47,-44,-23,-114
1606888800000.00,4405,4361,4297,13063
1606910400000.00,-92,-57,4,-145
1606932000000.00,-5,-33,-47,-85
1606953600000.00,-3,-33,-45,-81
1606975200000.00,1375,1403,1445,4223
1606996800000.00,-47,-46,-23,-116
1607018400000.00,-47,-45,-22,-114
1607040000000.00,-46,-45,-22,-113
1607061600000.00,3006,2970,2949,8925
1607083200000.00,-40,-46,-39,-125
1607104800000.00,-72,-41,34,-79
1607126400000.00,-48,-44,-23,-115
1607148000000.00,4501,4464,4393,13358
1607169600000.00,-46,-45,-23,-114
1607191200000.00,-46,-45,-24,-115
1607212800000.00,-46,-45,-23,-114
1607234400000.00,9163,9082,8915,27160
1607256000000.00,-47,-44,-23,-114
1607277600000.00,-48,-45,-23,-116
1607299200000.00,-46,-44,-22,-112
1607320800000.00,3060,3032,3000,9092
1607342400000.00,-49,-43,-19,-111
1607364000000.00,-49,-43,-20,-112
1607385600000.00,-49,-44,-19,-112
1607407200000.00,11199,11079,10903,33181
1607428800000.00,-48,-44,-21,-113
1607450400000.00,-63,-42,13,-92
1607472000000.00,-50,-48,-21,-119
1607493600000.00,2619,2589,2565,7773
1607515200000.00,-46,-45,-23,-114
1607536800000.00,-46,-45,-23,-114
1607558400000.00,-45,-43,-22,-110
1607580000000.00,7570,7483,7366,22419
1607601600000.00,-47,-44,-22,-113
1607623200000.00,-59,-52,-22,-133
1607644800000.00,-70,-47,16,-101
1607666400000.00,1274,1264,1263,3801
1607688000000.00,-47,-45,-22,-114
1607709600000.00,-47,-45,-22,-114
1607731200000.00,-99,-54,24,-129
1607752800000.00,2121,2104,2083,6308
1607774400000.00,-47,-44,-23,-114
1607796000000.00,-46,-44,-23,-113
1607817600000.00,-46,-44,-23,-113
1607839200000.00,5137,5086,5006,15229
1607860800000.00,-47,-44,-22,-113
1607882400000.00,-45,-44,-23,-112
1607904000000.00,-48,-45,-22,-115
1607925600000.00,14255,14118,13882,42255
1607947200000.00,-46,-44,-22,-112
1607968800000.00,-47,-45,-24,-116
1607990400000.00,-45,-44,-23,-112
1608012000000.00,7057,6990,6878,20925
1608033600000.00,-47,-45,-24,-116
1608055200000.00,-91,-57,5,-143
1608076800000.00,-47,-46,-22,-115
1608098400000.00,6085,6016,5927,18028
1608120000000.00,-89,-56,3,-142
1608141600000.00,-102,-54,31,-125
1608163200000.00,-47,-46,-22,-115
1608184800000.00,3618,3584,3529,10731
1608206400000.00,-96,-57,19,-134
1608228000000.00,-102,-55,28,-129
1608249600000.00,-43,-44,-30,-117
1608271200000.00,11547,11442,11247,34236
1608292800000.00,-47,-47,-22,-116
1608314400000.00,-48,-46,-23,-117
1608336000000.00,-45,-43,-22,-110
1608357600000.00,5530,5482,5395,16407
1608379200000.00,-47,-45,-21,-113
1608400800000.00,-46,-46,-23,-115
1608422400000.00,-46,-44,-24,-114
1608444000000.00,5912,5872,5762,17546
1608465600000.00,-103,-52,32,-123
1608487200000.00,-47,-46,-23,-116
1608508800000.00,-45,-44,-23,-112
1608530400000.00,2183,2172,2146,6501
1608552000000.00,-66,-55,-21,-142
1608573600000.00,-47,-46,-23,-116
1608595200000.00,-46,-45,-23,-114
1608616800000.00,5707,5643,5553,16903
1608638400000.00,-46,-45,-23,-114
1608660000000.00,-46,-46,-24,-116
1608681600000.00,-46,-44,-22,-112
1608703200000.00,997,945,893,2835
1608724800000.00,-48,-46,-21,-115
1608746400000.00,-48,-47,-23,-118
1608768000000.00,-46,-45,-22,-113
1608789600000.00,3877,3851,3790,11518
1608811200000.00,-45,-44,-22,-111
1608832800000.00,-47,-45,-23,-115
1608854400000.00,-43,-47,-31,-121
1608876000000.00,8326,8249,8118,24693
1608897600000.00,-45,-45,-22,-112
1608919200000.00,-48,-45,-24,-117
1608940800000.00,-47,-45,-23,-115
1608962400000.00,5777,5737,5634,17148
1608984000000.00,-48,-45,-22,-115
1609005600000.00,-90,-58,0,-148
1609027200000.00,-47,-45,-23,-115
1609048800000.00,1029,1031,1024,3084
1609070400000.00,-48,-46,-22,-116
1609092000000.00,-84,-60,-14,-158
1609113600000.00,-47,-46,-22,-115
1609135200000.00,3959,3920,3863,11742
1609156800000.00,8,-36,-73,-101
1609178400000.00,-102,-54,30,-126
1609200000000.00,-46,-45,-23,-114
1609221600000.00,3255,3218,3184,9657
1609243200000.00,-46,-46,-22,-114
1609264800000.00,-46,-44,-24,-114
1609286400000.00,-46,-44,-22,-112
1609308000000.00,8477,8443,8364,25284
1609329600000.00,-48,-46,-20,-114
1609351200000.00,-46,-45,-24,-115
1609372800000.00,-44,-43,-24,-111
1609394400000.00,12269,12187,11937,36393
1609416000000.00,-46,-43,-22,-111
1609437600000.00,-46,-45,-25,-116
1609459200000.00,-45,-44,-24,-113
1609480800000.00,10720,10640,10486,31846
1609502400000.00,-43,-43,-25,-111
1609524000000.00,-47,-45,-24,-116
1609545600000.00,-95,-55,12,-138
1609567200000.00,6100,6019,5833,17952
1609588800000.00,-94,-57,12,-139
1609610400000.00,-45,-45,-25,-115
1609632000000.00,-46,-45,-23,-114
1609653600000.00,2808,2764,2649,8221
1609675200000.00,-93,-57,10,-140
1609696800000.00,-47,-45,-24,-116
1609718400000.00,-46,-45,-24,-115
1609740000000.00,1260,1251,1245,3756
1609761600000.00,-48,-45,-22,-115
1609783200000.00,-46,-44,-23,-113
1609804800000.00,-46,-43,-25,-114
1609826400000.00,1341,1334,1330,4005
1609848000000.00,-96,-57,15,-138
1609869600000.00,-95,-56,11,-140
1609891200000.00,-96,-58,13,-141
1609912800000.00,4752,4729,4637,14118
1609934400000.00,-44,-44,-26,-114
1609956000000.00,-46,-46,-23,-115
1609977600000.00,-44,-43,-25,-112
1609999200000.00,5408,5363,5268,16039
1610020800000.00,-46,-45,-24,-115
1610042400000.00,-46,-43,-23,-112
1610064000000.00,-45,-43,-24,-112
1610085600000.00,10460,10391,10168,31019
1610107200000.00,-95,-56,12,-139
1610128800000.00,-44,-45,-26,-115
1610150400000.00,-45,-45,-24,-114
1610172000000.00,12072,11994,11915,35981
1610193600000.00,-46,-45,-25,-116
1610215200000.00,-44,-45,-26,-115
1610236800000.00,-45,-43,-24,-112
1610258400000.00,4911,4898,4897,14706
1610280000000.00,-45,-44,-24,-113
1610301600000.00,-95,-55,12,-138
1610323200000.00,-45,-44,-24,-113
1610344800000.00,5352,5297,5207,15856
1610366400000.00,-45,-45,-24,-114
1610388000000.00,-46,-45,-23,-114
1610409600000.00,-47,-46,-23,-116
1610431200000.00,5198,5193,5175,15566
1610452800000.00,-44,-45,-24,-113
1610474400000.00,-48,-46,-24,-118
1610496000000.00,4,-33,-59,-88
1610517600000.00,3095,3066,3021,9182
1610539200000.00,-48,-45,-21,-114
1610560800000.00,-45,-44,-24,-113
1610582400000.00,-45,-44,-25,-114
1610604000000.00,498,489,509,1496
1610625600000.00,-46,-44,-24,-114
1610647200000.00,-46,-45,-24,-115
1610668800000.00,-47,-45,-22,-114
1610690400000.00,503,492,507,1502
1610712000000.00,-95,-56,13,-138
1610733600000.00,-95,-56,12,-139
1610755200000.00,-79,-58,-25,-162
1610776800000.00,247,236,254,737
1610798400000.00,-44,-45,-25,-114
1610820000000.00,-46,-46,-23,-115
1610841600000.00,-46,-43,-23,-112
1610863200000.00,1851,1831,1818,5500
1610884800000.00,-45,-45,-23,-113
1610906400000.00,-95,-56,14,-137
1610928000000.00,-44,-44,-24,-112
1610949600000.00,8746,8678,8501,25925
1610971200000.00,-45,-45,-24,-114
1610992800000.00,-97,-56,13,-140
1611014400000.00,-44,-44,-24,-112
1611036000000.00,2076,2057,2032,6165
1611057600000.00,-96,-55,11,-140
1611079200000.00,-47,-44,-23,-114
1611100800000.00,-45,-45,-24,-114
1611122400000.00,8383,8307,8158,24848
1611144000000.00,-43,-44,-31,-118
1611165600000.00,-96,-57,13,-140
1611187200000.00,-45,-44,-24,-113
1611208800000.00,9261,9185,9006,27452
1611230400000.00,-47,-45,-23,-115
1611252000000.00,-45,-44,-26,-115
1611273600000.00,-46,-44,-24,-114
1611295200000.00,13663,13569,13304,40536
1611316800000.00,-81,-59,-21,-161
1611338400000.00,-47,-44,-24,-115
1611360000000.00,-47,-44,-23,-114
1611381600000.00,2552,2535,2497,7584
1611403200000.00,-47,-44,-24,-115
1611424800000.00,-47,-46,-23,-116
1611446400000.00,-46,-43,-23,-112
1611468000000.00,4529,4499,4422,13450
1611489600000.00,-46,-44,-22,-112
1611511200000.00,-47,-45,-23,-115
1611532800000.00,-46,-44,-23,-113
1611554400000.00,4239,4236,4235,12710
1611576000000.00,-46,-44,-24,-114
1611597600000.00,-45,-44,-23,-112
1611619200000.00,-45,-43,-23,-111
1611640800000.00,8584,8513,8344,25441
1611662400000.00,-47,-45,-23,-115
1611684000000.00,-96,-55,13,-138
1611705600000.00,-45,-42,-22,-109
1611727200000.00,2991,2964,2923,8878
1611748800000.00,-47,-44,-22,-113
1611770400000.00,-46,-45,-23,-114
1611792000000.00,-91,-55,13,-133
1611813600000.00,2941,2902,2880,8723
1611835200000.00,-48,-46,-23,-117
1611856800000.00,-44,-45,-25,-114
1611878400000.00,-45,-45,-25,-115
1611900000000.00,7947,7868,7744,23559
1611921600000.00,-47,-48,-24,-119
1611943200000.00,-45,-44,-25,-114
1611964800000.00,-45,-45,-24,-114
1611986400000.00,5121,5087,5057,15265
1612008000000.00,-80,-59,-25,-164
1612029600000.00,-46,-45,-24,-115
1612051200000.00,-45,-45,-24,-114
1612072800000.00,6832,6795,6660,20287
1612094400000.00,-46,-46,-25,-117
1612116000000.00,-47,-46,-24,-117
1612137600000.00,-46,-45,-24,-115
1612159200000.00,4284,4236,4171,12691
1612180800000.00,-47,-45,-23,-115
1612202400000.00,-83,-59,-24,-166
1612224000000.00,-46,-46,-25,-117
1612245600000.00,4068,4021,3959,12048
1612267200000.00,-47,-44,-23,-114
1612288800000.00,-47,-46,-23,-116
1612310400000.00,-43,-45,-25,-113
1612332000000.00,898,886,890,2674
1612353600000.00,-96,-56,10,-142
1612375200000.00,-96,-56,11,-141
1612396800000.00,-43,-44,-25,-112
1612418400000.00,4002,3957,3900,11859
1612440000000.00,-44,-44,-25,-113
1612461600000.00,-46,-46,-24,-116
1612483200000.00,-44,-45,-25,-114
1612504800000.00,7609,7547,7393,22549
1612526400000.00,-80,-59,-25,-164
1612548000000.00,-46,-45,-24,-115
1612569600000.00,-45,-45,-24,-114
1612591200000.00,6348,6290,6180,18818
1612612800000.00,-79,-60,-25,-164
1612634400000.00,-45,-45,-25,-115
1612656000000.00,-46,-46,-24,-116
1612677600000.00,1024,1000,1009,3033
1612699200000.00,-20,-48,-80,-148
1612720800000.00,-93,-56,5,-144
1612742400000.00,-44,-44,-25,-113
1612764000000.00,968,955,961,2884
1612785600000.00,-46,-46,-22,-114
1612807200000.00,-51,-49,-23,-123
1612828800000.00,-45,-44,-23,-112
1612850400000.00,4238,4199,4132,12569
1612872000000.00,-47,-45,-24,-116
1612893600000.00,-96,-57,12,-141
1612915200000.00,-46,-46,-25,-117
1612936800000.00,4900,4850,4778,14528
1612958400000.00,-95,-56,13,-138
1612980000000.00,-46,-44,-24,-114
1613001600000.00,-46,-44,-21,-111
1613023200000.00,6419,6362,6246,19027
1613044800000.00,-95,-55,12,-138
1613066400000.00,-46,-44,-25,-115
1613088000000.00,-47,-44,-23,-114
1613109600000.00,9277,9181,9018,27476
1613131200000.00,-46,-44,-23,-113
1613152800000.00,-45,-45,-24,-114
1613174400000.00,-45,-43,-23,-111
1613196000000.00,11082,11015,10934,33031
1613217600000.00,-45,-43,-24,-112
1613239200000.00,-46,-43,-24,-113
1613260800000.00,-46,-44,-23,-113
1613282400000.00,17171,17013,16882,51066
1613304000000.00,3,-34,-58,-89
1613325600000.00,-96,-56,12,-140
1613347200000.00,-45,-43,-23,-111
1613368800000.00,3538,3531,3567,10636
1613390400000.00,-46,-46,-22,-114
1613412000000.00,-47,-43,-23,-113
1613433600000.00,-46,-44,-23,-113
1613455200000.00,13005,12880,12643,38528
1613476800000.00,-46,-44,-25,-115
1613498400000.00,-95,-56,12,-139
1613520000000.00,-46,-43,-24,-113
1613541600000.00,10279,10178,10015,30472
1613563200000.00,-1,-35,-58,-94
1613584800000.00,-48,-46,-23,-117
1613606400000.00,-44,-44,-24,-112
1613628000000.00,5060,5016,4928,15004
1613649600000.00,-47,-45,-24,-116
1613671200000.00,-46,-43,-24,-113
1613692800000.00,-46,-44,-24,-114
1613714400000.00,16449,16291,15980,48720
1613736000000.00,-47,-45,-22,-114
1613757600000.00,-47,-44,-23,-114
1613779200000.00,-46,-45,-24,-115
1613800800000.00,23434,23160,22811,69405
1613822400000.00,-47,-46,-23,-116
1613844000000.00,-96,-56,12,-140
1613865600000.00,-95,-56,12,-139
1613887200000.00,19311,19144,18803,57258
1613908800000.00,2,-34,-59,-91
1613930400000.00,-46,-45,-23,-114
1613952000000.00,-45,-44,-23,-112
1613973600000.00,18271,18123,17784,54178
1613995200000.00,-46,-46,-22,-114
1614016800000.00,-47,-46,-25,-118
1614038400000.00,-95,-56,10,-141
1614060000000.00,31158,30825,30337,92320
1614081600000.00,-46,-44,-23,-113
1614103200000.00,-47,-45,-24,-116
1614124800000.00,-46,-44,-23,-113
1614146400000.00,24761,24550,24095,73406
1614168000000.00,-48,-46,-23,-117
1614189600000.00,-48,-45,-23,-116
1614211200000.00,-47,-45,-23,-115
1614232800000.00,21614,21458,21029,64101
1614254400000.00,-48,-46,-24,-118
1614276000000.00,-48,-46,-23,-117
1614297600000.00,-46,-45,-23,-114
1614319200000.00,27358,27099,26597,81054
1614340800000.00,-47,-45,-24,-116
1614362400000.00,-48,-44,-23,-115
1614384000000.00,-47,-45,-22,-114
1614405600000.00,30956,30701,30112,91769
1614427200000.00,-47,-44,-24,-115
1614448800000.00,-47,-46,-23,-116
1614470400000.00,-47,-45,-22,-114
1614492000000.00,26566,26337,25852,78755
1614513600000.00,-47,-45,-23,-115
1614535200000.00,-48,-45,-23,-116
1614556800000.00,-47,-45,-23,-115
1614578400000.00,26960,26767,26218,79945
1614600000000.00,-47,-44,-23,-114
1614621600000.00,-48,-45,-24,-117
1614643200000.00,-47,-44,-23,-114
1614664800000.00,26337,26146,25597,78080
1614686400000.00,-48,-45,-24,-117
1614708000000.00,-47,-45,-23,-115
1614729600000.00,-47,-44,-22,-113
1614751200000.00,22814,22648,22164,67626
1614772800000.00,-45,-44,-24,-113
1614794400000.00,-48,-46,-24,-118
1614816000000.00,-47,-44,-24,-115
1614837600000.00,1496,1478,1473,4447
1614859200000.00,-47,-45,-23,-115
1614880800000.00,-47,-45,-21,-113
1614902400000.00,-46,-45,-22,-113
1614924000000.00,24122,23882,23418,71422
1614945600000.00,-47,-46,-22,-115
1614967200000.00,-48,-46,-23,-117
1614988800000.00,-45,-45,-22,-112
1615010400000.00,29326,29096,28515,86937
1615032000000.00,-45,-45,-22,-112
1615053600000.00,-47,-46,-22,-115
1615075200000.00,3,-34,-55,-86
1615096800000.00,15354,15263,14948,45565
1615118400000.00,3,-35,-56,-88
1615140000000.00,-46,-44,-23,-113
1615161600000.00,-46,-44,-23,-113
1615183200000.00,28493,28305,27666,84464
1615204800000.00,1,-35,-56,-90
1615226400000.00,-45,-44,-24,-113
1615248000000.00,-46,-44,-22,-112
1615269600000.00,10498,10389,10200,31087
1615291200000.00,-46,-45,-21,-112
1615312800000.00,-47,-44,-24,-115
1615334400000.00,-46,-44,-22,-112
1615356000000.00,21777,21560,21348,64685
1615377600000.00,-46,-45,-25,-116
1615399200000.00,-97,-55,12,-140
1615420800000.00,5,-35,-56,-86
1615442400000.00,14871,14728,14473,44072
1615464000000.00,-45,-43,-23,-111
1615485600000.00,-94,-58,6,-146
1615507200000.00,-39,-44,-24,-107
1615528800000.00,3761,3729,3671,11161
1615550400000.00,-43,-44,-25,-112
1615572000000.00,-93,-55,11,-137
1615593600000.00,-42,-46,-21,-109
1615615200000.00,20510,20286,19959,60755
1615636800000.00,-40,-44,-22,-106
1615658400000.00,-97,-56,11,-142
1615680000000.00,-39,-45,-22,-106
1615701600000.00,40791,40264,39979,121034
1615723200000.00,-39,-44,-23,-106
1615744800000.00,-48,-46,-22,-116
1615766400000.00,-39,-44,-22,-105
1615788000000.00,26177,25945,25447,77569
1615809600000.00,-29,-35,-12,-76
1615831200000.00,-47,-45,-25,-117
1615852800000.00,-39,-45,-25,-109
1615874400000.00,4614,4570,4487,13671
1615896000000.00,-89,-56,13,-132
1615917600000.00,-46,-45,-26,-117
1615939200000.00,-39,-44,-23,-106
1615960800000.00,4522,4480,4411,13413
1615982400000.00,-40,-43,-22,-105
1616004000000.00,-48,-45,-23,-116
1616025600000.00,-40,-46,-22,-108
1616047200000.00,18754,18616,18192,55562
1616068800000.00,-45,-45,-23,-113
1616090400000.00,-48,-46,-23,-117
1616112000000.00,264,263,278,805
1616133600000.00,34854,34520,33874,103248
1616155200000.00,47,50,71,168
1616176800000.00,-49,-44,-20,-113
1616198400000.00,338,330,347,1015
1616220000000.00,33251,32948,32285,98484
1616241600000.00,0,-7,22,15
1616263200000.00,-49,-45,-19,-113
1616284800000.00,-41,-46,-21,-108
1616306400000.00,18328,18142,17840,54310
1616328000000.00,-41,-45,-21,-107
1616349600000.00,-50,-46,-20,-116
1616371200000.00,-41,-44,-21,-106
1616392800000.00,11131,11020,10798,32949
1616414400000.00,89,84,108,281
1616436000000.00,-101,-57,11,-147
1616457600000.00,664,651,660,1975
1616479200000.00,41227,40897,40143,122267
1616500800000.00,191,192,208,591
1616522400000.00,-46,-45,-25,-116
1616544000000.00,576,565,577,1718
1616565600000.00,33083,32770,32111,97964
1616587200000.00,205,155,139,499
1616608800000.00,-98,-57,11,-144
1616630400000.00,-91,-56,13,-134
1616652000000.00,14387,14266,13955,42608
1616673600000.00,284,283,297,864
1616695200000.00,-48,-45,-24,-117
1616716800000.00,918,889,908,2715
1616738400000.00,17739,17565,17254,52558
1616760000000.00,-54,-18,55,-17
1616781600000.00,-98,-57,11,-144
1616803200000.00,1421,1450,1490,4361
1616824800000.00,38552,38205,37561,114318
1616846400000.00,178,134,107,419
1616868000000.00,-46,-45,-24,-115
1616889600000.00,911,910,908,2729
1616911200000.00,21115,20997,20586,62698
1616932800000.00,208,214,223,645
1616954400000.00,-47,-46,-24,-117
1616976000000.00,1253,1234,1239,3726
1616997600000.00,35226,34861,34485,104572
1617019200000.00,535,524,537,1596
1617040800000.00,-48,-45,-25,-118
1617062400000.00,1371,1356,1347,4074
1617084000000.00,34543,34262,33619,102424
1617105600000.00,511,503,517,1531
1617127200000.00,-48,-46,-26,-120
1617148800000.00,1638,1614,1610,4862
1617170400000.00,33604,33277,32620,99501
1617192000000.00,209,200,221,630
1617213600000.00,-48,-47,-24,-119
1617235200000.00,965,953,964,2882
1617256800000.00,32753,32480,32072,97305
1617278400000.00,520,515,530,1565
1617300000000.00,-46,-46,-25,-117
1617321600000.00,1909,1887,1869,5665
1617343200000.00,14112,13976,13717,41805
1617364800000.00,109,108,125,342
1617386400000.00,-47,-46,-27,-120
1617408000000.00,979,970,975,2924
1617429600000.00,20605,20433,20030,61068
1617451200000.00,890,885,888,2663
1617472800000.00,-47,-45,-25,-117
1617494400000.00,525,521,528,1574
1617516000000.00,11648,11550,11340,34538
1617537600000.00,1380,1377,1364,4121
1617559200000.00,-47,-47,-25,-119
1617580800000.00,1775,1797,1839,5411
1617602400000.00,20304,20140,19954,60398
1617624000000.00,1057,1008,961,3026
1617645600000.00,-47,-47,-25,-119
1617667200000.00,3881,3835,3780,11496
1617688800000.00,41864,41437,40683,123984
1617710400000.00,497,485,505,1487
1617732000000.00,-47,-47,-25,-119
1617753600000.00,377,366,380,1123
1617775200000.00,40327,39994,39225,119546
1617796800000.00,666,654,666,1986
1617818400000.00,-97,-56,10,-143
1617840000000.00,1495,1487,1474,4456
1617861600000.00,38522,38157,37432,114111
1617883200000.00,1202,1188,1192,3582
1617904800000.00,-47,-45,-25,-117
1617926400000.00,2948,2920,2887,8755
1617948000000.00,42189,41862,40999,125050
1617969600000.00,1315,1307,1302,3924
1617991200000.00,-46,-46,-25,-117
1618012800000.00,971,965,961,2897
1618034400000.00,9697,9630,9437,28764
1618056000000.00,343,345,355,1043
1618077600000.00,-49,-46,-23,-118
1618099200000.00,1216,1213,1202,3631
1618120800000.00,46123,45775,44927,136825
1618142400000.00,1214,1210,1194,3618
1618164000000.00,-46,-45,-25,-116
1618185600000.00,1327,1310,1303,3940
1618207200000.00,24298,24102,23611,72011
1618228800000.00,1488,1472,1463,4423
1618250400000.00,-47,-46,-24,-117
1618272000000.00,4334,4308,4233,12875
1618293600000.00,42751,42376,41538,126665
1618315200000.00,1625,1619,1604,4848
1618336800000.00,-49,-46,-23,-118
1618358400000.00,2105,2095,2063,6263
1618380000000.00,18470,18314,17947,54731
1618401600000.00,1819,1805,1791,5415
1618423200000.00,-46,-46,-24,-116
1618444800000.00,4630,4596,4513,13739
1618466400000.00,12449,12352,12240,37041
1618488000000.00,1178,1178,1170,3526
1618509600000.00,-46,-45,-23,-114
1618531200000.00,4892,4822,4677,14391
1618552800000.00,43952,43561,42714,130227
1618574400000.00,1407,1399,1387,4193
1618596000000.00,-47,-45,-23,-115
1618617600000.00,4740,4706,4629,14075
1618639200000.00,41622,41264,40486,123372
1618660800000.00,1866,1853,1837,5556
1618682400000.00,-47,-46,-24,-117
1618704000000.00,4577,4573,4578,13728
1618725600000.00,40797,40433,39697,120927
1618747200000.00,2220,2198,2175,6593
1618768800000.00,-46,-46,-24,-116
1618790400000.00,4235,4195,4132,12562
1618812000000.00,39234,38844,38103,116181
1618833600000.00,1788,1766,1748,5302
1618855200000.00,-48,-46,-25,-119
1618876800000.00,3249,3225,3172,9646
1618898400000.00,38293,37962,37210,113465
1618920000000.00,2093,2074,2049,6216
1618941600000.00,-47,-47,-23,-117
1618963200000.00,5316,5241,5079,15636
1618984800000.00,36785,36422,35822,109029
1619006400000.00,2466,2455,2417,7338
1619028000000.00,-48,-45,-26,-119
1619049600000.00,6408,6355,6239,19002
1619071200000.00,40341,40009,39230,119580
1619092800000.00,2968,2946,2890,8804
1619114400000.00,-47,-45,-25,-117
1619136000000.00,6359,6295,6183,18837
1619157600000.00,41139,40777,39937,121853
1619179200000.00,2918,2896,2859,8673
1619200800000.00,-49,-45,-25,-119
1619222400000.00,5778,5728,5645,17151
1619244000000.00,40241,39818,39490,119549
1619265600000.00,3253,3228,3191,9672
1619287200000.00,-47,-45,-24,-116
1619308800000.00,5302,5258,5184,15744
1619330400000.00,41323,41020,40311,122654
1619352000000.00,3403,3343,3234,9980
1619373600000.00,-49,-46,-25,-120
1619395200000.00,6467,6424,6303,19194
1619416800000.00,41272,40912,40126,122310
1619438400000.00,3260,3196,3092,9548
1619460000000.00,-47,-47,-24,-118
1619481600000.00,4725,4682,4606,14013
1619503200000.00,39210,38818,38116,116144
1619524800000.00,2839,2807,2777,8423
1619546400000.00,-97,-59,11,-145
1619568000000.00,3264,3236,3190,9690
1619589600000.00,29720,29430,29114,88264
1619611200000.00,352,346,357,1055
1619632800000.00,-96,-59,9,-146
1619654400000.00,61,54,76,191
1619676000000.00,4780,4735,4648,14163
1619697600000.00,3533,3501,3441,10475
1619719200000.00,-47,-47,-26,-120
1619740800000.00,8847,8761,8611,26219
1619762400000.00,26924,26692,26141,79757
1619784000000.00,4048,4016,3948,12012
1619805600000.00,-46,-46,-25,-117
1619827200000.00,7147,7112,7105,21364
1619848800000.00,14888,14731,14492,44111
1619870400000.00,4279,4232,4179,12690
1619892000000.00,-47,-47,-25,-119
1619913600000.00,7425,7366,7244,22035
1619935200000.00,45286,44925,44112,134323
1619956800000.00,4509,4475,4395,13379
1619978400000.00,-48,-47,-24,-119
1620000000000.00,8558,8489,8340,25387
1620021600000.00,15456,15323,15029,45808
1620043200000.00,2681,2661,2632,7974
1620064800000.00,-48,-46,-25,-119
1620086400000.00,1067,1047,1051,3165
1620108000000.00,18582,18410,18082,55074
1620129600000.00,833,822,830,2485
1620151200000.00,-46,-46,-26,-118
1620172800000.00,4966,4917,4835,14718
1620194400000.00,10878,10771,10600,32249
1620216000000.00,5451,5402,5316,16169
1620237600000.00,-46,-47,-25,-118
1620259200000.00,8426,8346,8196,24968
1620280800000.00,8233,8140,8002,24375
1620302400000.00,5381,5320,5188,15889
1620324000000.00,-45,-47,-32,-124
1620345600000.00,2639,2606,2581,7826
1620367200000.00,45854,45463,44489,135806
1620388800000.00,3363,3326,3286,9975
1620410400000.00,-48,-47,-24,-119
1620432000000.00,1542,1536,1524,4602
1620453600000.00,16805,16634,16355,49794
1620475200000.00,4143,4106,4041,12290
1620496800000.00,-46,-46,-25,-117
1620518400000.00,3344,3317,3276,9937
1620540000000.00,37072,36733,36099,109904
1620561600000.00,270,273,286,829
1620583200000.00,-48,-48,-24,-120
1620604800000.00,664,647,660,1971
1620626400000.00,44219,43703,43270,131192
1620648000000.00,2333,2307,2291,6931
1620669600000.00,-47,-46,-26,-119
1620691200000.00,7200,7133,7027,21360
1620712800000.00,32359,32022,31481,95862
1620734400000.00,4966,4926,4856,14748
1620756000000.00,-47,-48,-26,-121
1620777600000.00,5423,5367,5274,16064
1620799200000.00,42010,41576,40817,124403
1620820800000.00,2383,2367,2343,7093
1620842400000.00,-47,-47,-25,-119
1620864000000.00,1402,1383,1379,4164
1620885600000.00,8879,8806,8772,26457
1620907200000.00,3662,3618,3574,10854
1620928800000.00,-47,-47,-25,-119
1620950400000.00,5120,5062,4991,15173
1620972000000.00,13127,12993,12759,38879
1620993600000.00,4368,4317,4260,12945
1621015200000.00,-48,-46,-25,-119
1621036800000.00,391,379,400,1170
1621058400000.00,6451,6370,6284,19105
1621080000000.00,7901,7806,7642,23349
1621101600000.00,-48,-47,-25,-120
1621123200000.00,10016,9913,9765,29694
1621144800000.00,40723,40246,39550,120519
1621166400000.00,1017,1000,1008,3025
1621188000000.00,-48,-46,-25,-119
1621209600000.00,1399,1385,1381,4165
1621231200000.00,37801,37315,36815,111931
1621252800000.00,2039,2020,1999,6058
1621274400000.00,-48,-46,-24,-118
1621296000000.00,7382,7301,7179,21862
1621317600000.00,38974,38544,37825,115343
1621339200000.00,8287,8192,8068,24547
1621360800000.00,-47,-46,-26,-119
1621382400000.00,13965,13821,13594,41380
1621404000000.00,2411,2384,2369,7164
1621425600000.00,4712,4659,4603,13974
1621447200000.00,-47,-47,-24,-118
1621468800000.00,10424,10334,10136,30894
1621490400000.00,27826,27568,27075,82469
1621512000000.00,3560,3531,3484,10575
1621533600000.00,-47,-47,-25,-119
1621555200000.00,1860,1838,1827,5525
1621576800000.00,45378,44928,44120,134426
1621598400000.00,7032,6962,6865,20859
1621620000000.00,-47,-46,-25,-118
1621641600000.00,1618,1641,1679,4938
1621663200000.00,4466,4436,4352,13254
1621684800000.00,5468,5428,5336,16232
1621706400000.00,-97,-58,10,-145
1621728000000.00,11070,10981,10775,32826
1621749600000.00,19281,19123,18755,57159
1621771200000.00,1676,1667,1650,4993
1621792800000.00,-48,-46,-24,-118
1621814400000.00,1968,1945,1931,5844
1621836000000.00,38181,37769,37390,113340
1621857600000.00,2584,2565,2529,7678
1621879200000.00,-47,-46,-25,-118
1621900800000.00,7080,7012,6891,20983
1621922400000.00,24818,24600,24165,73583
1621944000000.00,4547,4503,4440,13490
1621965600000.00,-47,-48,-26,-121
1621987200000.00,7860,7799,7657,23316
1622008800000.00,11413,11328,11095,33836
1622030400000.00,8505,8430,8271,25206
1622052000000.00,-46,-46,-24,-116
1622073600000.00,11205,11110,10889,33204
1622095200000.00,30118,29860,29465,89443
1622116800000.00,7471,7410,7265,22146
1622138400000.00,-48,-46,-24,-118
1622160000000.00,7287,7216,7103,21606
1622181600000.00,42368,42010,41182,125560
1622203200000.00,7781,7717,7580,23078
1622224800000.00,-47,-46,-25,-118
1622246400000.00,12389,12266,12066,36721
1622268000000.00,42773,42385,41908,127066
1622289600000.00,7524,7451,7334,22309
1622311200000.00,-47,-47,-25,-119
1622332800000.00,11773,11658,11475,34906
1622354400000.00,43661,43274,42454,129389
1622376000000.00,7337,7274,7160,21771
1622397600000.00,-47,-47,-26,-120
1622419200000.00,11133,11027,10834,32994
1622440800000.00,42042,41661,40833,124536
1622462400000.00,7201,7107,6934,21242
1622484000000.00,-48,-47,-25,-120
1622505600000.00,802,795,806,2403
1622527200000.00,4338,4294.5,4203.5,12836
1622548800000.00,7874,7794,7601,23269
1622570400000.00,-48,-47,-24,-119
1622592000000.00,12039,11956,11857,35852
1622613600000.00,41136,40798,39983,121917
1622635200000.00,2446,2424,2401,7271
1622656800000.00,-73,-43,33,-83
1622678400000.00,13693,13567,13329,40589
1622700000000.00,42370,41955,41104,125429
1622721600000.00,6184,6126,6020,18330
1622743200000.00,-49,-46,-25,-120
1622764800000.00,11381,11261,11064,33706
1622786400000.00,12592,12476,12237,37305
1622808000000.00,131,153,184,468
1622829600000.00,-82,-60,-26,-168
1622851200000.00,614,611,624,1849
1622872800000.00,12871,12774,12695,38340
1622894400000.00,5241,5226,5233,15700
1622916000000.00,-74,-43,31,-86
1622937600000.00,11904,11788,11685,35377
1622959200000.00,41457,41124,40362,122943
1622980800000.00,8527,8451,8300,25278
1623002400000.00,-49,-47,-26,-122
1623024000000.00,12219,12109,11891,36219
1623045600000.00,41509,41066,40280,122855
1623067200000.00,7632,7560,7450,22642
1623088800000.00,-46,-47,-30,-123
1623110400000.00,11141,11029,10843,33013
1623132000000.00,26602,26306,25800,78708
1623153600000.00,7353,7290,7169,21812
1623175200000.00,-49,-46,-25,-120
1623196800000.00,9766,9677,9510,28953
1623218400000.00,41991,41613,40763,124367
1623240000000.00,7913,7841,7699,23453
1623261600000.00,-48,-47,-25,-120
1623283200000.00,11536,11422,11220,34178
1623304800000.00,29729,29353,28832,87914
1623326400000.00,7865,7788,7654,23307
1623348000000.00,-48,-46,-26,-120
1623369600000.00,4225,4179,4127,12531
1623391200000.00,20337,20108,19864,60309
1623412800000.00,8371,8294,8162,24827
1623434400000.00,-48,-47,-24,-119
1623456000000.00,1893,1871,1858,5622
1623477600000.00,14683,14556,14384,43623
1623499200000.00,8472,8395,8240,25107
1623520800000.00,-49,-46,-25,-120
1623542400000.00,11324,11212,11028,33564
1623564000000.00,40349,40037,39255,119641
1623585600000.00,8061,7984,7851,23896
1623607200000.00,-49,-47,-25,-121
1623628800000.00,11984,11865,11650,35499
1623650400000.00,40034,39613,38759,118406
1623672000000.00,7942,7860,7738,23540
1623693600000.00,-47,-46,-26,-119
1623715200000.00,10542,10440,10270,31252
1623736800000.00,41824,41513,40676,124013
1623758400000.00,6801,6750,6632,20183
1623780000000.00,-82,-58,-26,-166
1623801600000.00,11096,10996,10797,32889
1623823200000.00,41284,40868,40022,122174
1623844800000.00,7313,7246,7120,21679
1623866400000.00,-81,-60,-24,-165
1623888000000.00,316,337,360,1013
1623909600000.00,40646,40326,39468,120440
1623931200000.00,8087,8023,7877,23987
1623952800000.00,-50,-47,-25,-122
1623974400000.00,12076,11955,11741,35772
1623996000000.00,14794,14660,14372,43826
1624017600000.00,3525,3485,3406,10416
1624039200000.00,-47,-47,-31,-125
1624060800000.00,1860,1846,1830,5536
1624082400000.00,14632,14497,14201,43330
1624104000000.00,1916,1945,1980,5841
1624125600000.00,-50,-47,-24,-121
1624147200000.00,13363,13252,13010,39625
1624168800000.00,15262,15145,14852,45259
1624190400000.00,6366,6306,6205,18877
1624212000000.00,-50,-46,-25,-121
1624233600000.00,1174,1164,1166,3504
1624255200000.00,7598,7526,7386,22510
1624276800000.00,2572,2590,2616,7778
1624298400000.00,-48,-45,-25,-118
1624320000000.00,3644,3619,3555,10818
1624341600000.00,11345,11270,11031,33646
1624363200000.00,6844,6780,6569,20193
1624384800000.00,12435.66667,12328.66667,12021.66667,36786
1624406400000.00,18027.33333,17877.33333,17474.33333,53379
1624428000000.00,23619,23426,22927,69972
1624449600000.00,2407,2375,2360,7142
1624471200000.00,-48,-45,-25,-118
1624492800000.00,1876,1845,1840,5561
1624514400000.00,17305,17133,16929,51367
1624536000000.00,9982,9929,9819,29730
1624557600000.00,-48,-46,-26,-120
1624579200000.00,910,897,901,2708
1624600800000.00,14921,14798,14507,44226
1624622400000.00,3299,3268,3223,9790
1624644000000.00,-49,-46,-25,-120
1624665600000.00,3575,3540,3495,10610
1624687200000.00,46997,46615,45702,139314
1624708800000.00,3426,3392,3359,10177
1624730400000.00,-49,-46,-25,-120
1624752000000.00,2633,2610,2578,7821
1624773600000.00,23221,23014,22589,68824
1624795200000.00,5360,5334,5291,15985
1624816800000.00,-1,-35,-60,-96
1624838400000.00,5838,5794,5697,17329
1624860000000.00,8694,8624,8463,25781
1624881600000.00,3285,3223,3120,9628
1624903200000.00,-82,-60,-29,-171
1624924800000.00,1070,1100,1149,3319
1624946400000.00,4953,4914,4827,14694
1624968000000.00,519,551,605,1675
1624989600000.00,-52,-46,-19,-117
1625011200000.00,1002,971,957,2930
1625032800000.00,10358,10310,10223,30891
1625054400000.00,4154,4130,4061,12345
1625076000000.00,-49,-46,-26,-121
1625097600000.00,6837,6793,6665,20295
1625119200000.00,46138,45557,44724,136419
1625140800000.00,12001,11906,11681,35588
1625162400000.00,-49,-46,-26,-121
1625184000000.00,4923,4877,4808,14608
1625205600000.00,13931,13813,13561,41305
1625227200000.00,7560,7506,7376,22442
1625248800000.00,-49,-47,-25,-121
1625270400000.00,6617,6563,6451,19631
1625292000000.00,20194,19887,19507,59588
1625313600000.00,3054,3028,2986,9068
1625335200000.00,-49,-47,-25,-121
1625356800000.00,9482,9402,9237,28121
1625378400000.00,16235,16120,15811,48166
1625400000000.00,3838,3801,3742,11381
1625421600000.00,-48,-45,-26,-119
1625443200000.00,4381,4353,4276,13010
1625464800000.00,11051,10969,10744,32764
1625486400000.00,1907,1856,1787,5550
1625508000000.00,-15,-33,-25,-73
1625529600000.00,9116,9035,8882,27033
1625551200000.00,9639,9548,9379,28566
1625572800000.00,9286,9206,9056,27548
1625594400000.00,-85,-62,-24,-171
1625616000000.00,4773,4721,4655,14149
1625637600000.00,27833,27602,27008,82443
1625659200000.00,8862,8796,8630,26288
1625680800000.00,-46,-47,-25,-118
1625702400000.00,9473,9386,9213,28072
1625724000000.00,25201,24971,24491,74663
1625745600000.00,2590,2563,2541,7694
1625767200000.00,-47,-47,-25,-119
1625788800000.00,5225,5166,5094,15485
1625810400000.00,28820,28585,27934,85339
1625832000000.00,7378,7313,7177,21868
1625853600000.00,-48,-48,-24,-120
1625875200000.00,1411,1396,1393,4200
1625896800000.00,8305,8230,8009,24544
1625918400000.00,9050,8956,8812,26818
1625940000000.00,-48,-48,-24,-120
1625961600000.00,14570,14420,14170,43160
1625983200000.00,44221,43768,43196,131185
1626004800000.00,5998,5944,5845,17787
1626026400000.00,-48,-47,-25,-120
1626048000000.00,3871,3837,3786,11494
1626069600000.00,7219,7141,7018,21378
1626091200000.00,4670,4622,4554,13846
1626112800000.00,-48,-47,-25,-120
1626134400000.00,2968,2935,2893,8796
1626156000000.00,12050,11924,11689,35663
1626177600000.00,2874,2844,2813,8531
1626199200000.00,-48,-48,-24,-120
1626220800000.00,1789,1760,1720,5269
1626242400000.00,6025,5981,5860,17866
1626264000000.00,584,588,588,1760
1626285600000.00,-47,-46,-25,-118
1626307200000.00,2992,2966,2923,8881
1626328800000.00,25973,25796,25124,76893
1626350400000.00,2115,2093,2073,6281
1626372000000.00,-46,-47,-26,-119
1626393600000.00,3527,3493,3443,10463
1626415200000.00,45260,44920,44001,134181
1626436800000.00,8410,8342,8196,24948
1626458400000.00,-47,-46,-27,-120
1626480000000.00,3263,3220,3186,9669
1626501600000.00,18625,18469,18189,55283
1626523200000.00,7437,7353,7236,22026
1626544800000.00,-41,-49,-42,-132
1626566400000.00,9212,9135,9061,27408
1626588000000.00,39514,39108,38405,117027
1626609600000.00,7418,7339,7227,21984
1626631200000.00,-46,-48,-28,-122
1626652800000.00,8512,8423,8292,25227
1626674400000.00,41213,40775,39980,121968
1626696000000.00,6749,6672,6567,19988
1626717600000.00,-47,-48,-26,-121
1626739200000.00,8641,8543,8404,25588
1626760800000.00,39726,39304,38568,117598
1626782400000.00,6725,6653,6548,19926
1626804000000.00,-48,-49,-25,-122
1626825600000.00,8357,8272,8131,24760
1626847200000.00,37877,37526,36804,112207
1626868800000.00,6659,6600,6476,19735
1626890400000.00,-46,-47,-30,-123
1626912000000.00,7919,7841,7711,23471
1626933600000.00,39387,38933,38168,116488
1626955200000.00,6842,6764,6647,20253
1626976800000.00,-47,-47,-26,-120
1626998400000.00,8596,8508,8370,25474
1627020000000.00,40042,39671,38898,118611
1627041600000.00,6276,6222,6117,18615
1627063200000.00,-47,-48,-28,-123
1627084800000.00,3614,3580,3537,10731
1627106400000.00,20357,20161,19830,60348
1627128000000.00,4049,4015,3957,12021
1627149600000.00,-49,-47,-24,-120
1627171200000.00,3201,3176,3135,9512
1627192800000.00,37033,36655,36036,109724
1627214400000.00,4614,4576,4504,13694
1627236000000.00,-47,-47,-25,-119
1627257600000.00,2786,2761,2732,8279
1627279200000.00,13229,13073,12864,39166
1627300800000.00,4069,4031,3987,12087
1627322400000.00,-47,-46,-26,-119
1627344000000.00,2185,2165,2147,6497
1627365600000.00,25707,25403,25129,76239
1627387200000.00,2754,2729,2701,8184
1627408800000.00,-47,-46,-26,-119
1627430400000.00,7252,7186,7075,21513
1627452000000.00,26152,25917,25431,77500
1627473600000.00,5415,5363,5281,16059
1627495200000.00,-48,-48,-25,-121
1627516800000.00,8321,8252,8117,24690
1627538400000.00,43271,42939,42183,128393
1627560000000.00,6956,6912,6788,20656
1627581600000.00,-47,-48,-27,-122
1627603200000.00,4533,4491,4434,13458
1627624800000.00,10368,10273,10120,30761
1627646400000.00,1100,1090,1093,3283
1627668000000.00,-48,-47,-25,-120
1627689600000.00,7647,7578,7458,22683
1627711200000.00,18051,17886,17569,53506
1627732800000.00,7887,7813,7696,23396
1627754400000.00,-45,-46,-29,-120
1627776000000.00,1900,1884,1867,5651
1627797600000.00,13128,13024,12797,38949
1627819200000.00,3648,3619,3562,10829
1627840800000.00,-46,-47,-27,-120
1627862400000.00,2272,2245,2228,6745
1627884000000.00,8415,8338,8197,24950
1627905600000.00,2967,2938,2902,8807
1627927200000.00,-47,-46,-26,-119
1627948800000.00,4725,4667,4612,14004
1627970400000.00,36597,36173,35881,108651
1627992000000.00,3061,3021,2991,9073
1628013600000.00,-47,-47,-26,-120
1628035200000.00,6953,6888,6786,20627
1628056800000.00,16809,16658,16346,49813
1628078400000.00,383,376,391,1150
1628100000000.00,-48,-47,-27,-122
1628121600000.00,6012,5953,5867,17832
1628143200000.00,44634,44206,43393,132233
1628164800000.00,2998,2928,2840,8766
1628186400000.00,-48,-47,-27,-122
1628208000000.00,850.1666667,847.8333333,863.5,2561.5
1628229600000.00,1748.333333,1742.666667,1754,5245
1628251200000.00,2646.5,2637.5,2644.5,7928.5
1628272800000.00,3544.666667,3532.333333,3535,10612
1628294400000.00,4442.833333,4427.166667,4425.5,13295.5
1628316000000.00,5341,5322,5316,15979
1628337600000.00,1274,1262,1259,3795
1628359200000.00,-49,-48,-27,-124
1628380800000.00,-48,-49,-26,-123
1628402400000.00,122.6666667,119.6060606,139.7272727,382
1628424000000.00,293.3333333,288.2121212,305.4545455,887
1628445600000.00,464,456.8181818,471.1818182,1392
1628467200000.00,634.6666667,625.4242424,636.9090909,1897
1628488800000.00,805.3333333,794.030303,802.6363636,2402
1628510400000.00,976,962.6363636,968.3636364,2907
1628532000000.00,1146.666667,1131.242424,1134.090909,3412
1628553600000.00,1317.333333,1299.848485,1299.818182,3917
1628575200000.00,1488,1468.454545,1465.545455,4422
1628596800000.00,1658.666667,1637.060606,1631.272727,4927
1628618400000.00,1829.333333,1805.666667,1797,5432
1628640000000.00,2000,1974.272727,1962.727273,5937
1628661600000.00,2170.666667,2142.878788,2128.454545,6442
1628683200000.00,2341.333333,2311.484848,2294.181818,6947
1628704800000.00,2512,2480.090909,2459.909091,7452
1628726400000.00,2682.666667,2648.69697,2625.636364,7957
1628748000000.00,2853.333333,2817.30303,2791.363636,8462
1628769600000.00,3024,2985.909091,2957.090909,8967
1628791200000.00,3194.666667,3154.515152,3122.818182,9472
1628812800000.00,3365.333333,3323.121212,3288.545455,9977
1628834400000.00,3536,3491.727273,3454.272727,10482
1628856000000.00,3706.666667,3660.333333,3620,10987
1628877600000.00,3877.333333,3828.939394,3785.727273,11492
1628899200000.00,4048,3997.545455,3951.454545,11997
1628920800000.00,4218.666667,4166.151515,4117.181818,12502
1628942400000.00,4389.333333,4334.757576,4282.909091,13007
1628964000000.00,4560,4503.363636,4448.636364,13512
1628985600000.00,4730.666667,4671.969697,4614.363636,14017
1629007200000.00,4901.333333,4840.575758,4780.090909,14522
1629028800000.00,5072,5009.181818,4945.818182,15027
1629050400000.00,5242.666667,5177.787879,5111.545455,15532
1629072000000.00,5413.333333,5346.393939,5277.272727,16037
1629093600000.00,5584,5515,5443,16542
1629115200000.00,1497,1472,1479,4448
1629136800000.00,-47,-48,-27,-122
1629158400000.00,7514,7429,7319,22262
1629180000000.00,10998,10876,10706,32580
1629201600000.00,213,203,231,647
1629223200000.00,-47,-47,-27,-121
1629244800000.00,1135,1124,1125,3384
1629266400000.00,9322,9232,9075,27629
1629288000000.00,868,858,864,2590
1629309600000.00,-48,-47,-26,-121
1629331200000.00,3583,3557,3507,10647
1629352800000.00,12352,12220,12002,36574
1629374400000.00,3107,3076,3039,9222
1629396000000.00,-47,-47,-27,-121
1629417600000.00,1607,1591,1583,4781
1629439200000.00,11648,11539,11324,34511
1629460800000.00,3730,3685,3645,11060
1629482400000.00,-48,-47,-26,-121
1629504000000.00,5319,5239,5182,15740
1629525600000.00,31074,30749,30246,92069
1629547200000.00,2127,2091,2089,6307
1629568800000.00,-47,-48,-27,-122
1629590400000.00,1486,1463,1462,4411
1629612000000.00,12329,12188,12003,36520
1629633600000.00,724,713,726,2163
1629655200000.00,-84,-62,-28,-174
1629676800000.00,776,770,774,2320
1629698400000.00,18465,18320,17835,54620
1629720000000.00,2929,2895,2864,8688
1629741600000.00,-48,-48,-28,-124
1629763200000.00,4314,4259,4211,12784
1629784800000.00,41467,40947,40594,123008
1629806400000.00,2512,2456,2414,7382
1629828000000.00,-47,-47,-27,-121
1629849600000.00,4602,4553,4484,13639
1629871200000.00,36194,35832,35168,107194
1629892800000.00,2091,2068,2043,6202
1629914400000.00,-86,-61,-27,-174
1629936000000.00,2793,2754,2732,8279
1629957600000.00,13040,12895,12668,38603
1629979200000.00,1390,1371,1366,4127
1630000800000.00,-47,-46,-27,-120
1630022400000.00,4404,4349,4293,13046
1630044000000.00,24035,23775,23321,71131
1630065600000.00,1692,1665,1661,5018
1630087200000.00,-47,-46,-26,-119
1630108800000.00,2940,2917,2884,8741
1630130400000.00,45038,44547,44172,133757
1630152000000.00,1529,1468,1415,4412
1630173600000.00,-47,-48,-27,-122
1630195200000.00,1745,1723,1712,5180
1630216800000.00,13595,13438,13211,40244
1630238400000.00,191,189,206,586
1630260000000.00,-97,-58,7,-148
1630281600000.00,770,761,765,2296
1630303200000.00,20782,20586,20189,61557
1630324800000.00,794,789,787,2370
1630346400000.00,-45,-46,-28,-119
1630368000000.00,3299,3253,3180,9732
1630389600000.00,42076,41709,40874,124659
1630411200000.00,1137,1130,1120,3387
1630432800000.00,-47,-47,-28,-122
1630454400000.00,759,746,756,2261
1630476000000.00,13083,12917,12699,38699
1630497600000.00,819,808,817,2444
1630519200000.00,-47,-47,-28,-122
1630540800000.00,1686,1675,1664,5025
1630562400000.00,40045,39718,38944,118707
1630584000000.00,1110,1099,1100,3309
1630605600000.00,-47,-47,-27,-121
1630627200000.00,2997,2968,2932,8897
1630648800000.00,34346,34086,33406,101838
1630670400000.00,973,961,965,2899
1630692000000.00,-47,-49,-28,-124
1630713600000.00,3136,3089,3066,9291
1630735200000.00,29636,29335,28982,87953
1630756800000.00,1262,1203,1157,3622
1630778400000.00,-48,-48,-27,-123
1630800000000.00,3084,3061,3059,9204
1630821600000.00,36327,35947,35512,107786
1630843200000.00,657,651,664,1972
1630864800000.00,-81,-61,-29,-171
1630886400000.00,2865,2824,2799,8488
1630908000000.00,34475,34113,33473,102061
1630929600000.00,436,421,445,1302
1630951200000.00,-47,-48,-27,-122
1630972800000.00,-46,-47,-26,-119
1630994400000.00,31946,31666,31085,94697
1631016000000.00,476,465,485,1426
1631037600000.00,-45,-47,-27,-119
1631059200000.00,2442,2411,2386,7239
1631080800000.00,31553,31297,30688,93538
1631102400000.00,340,333,350,1023
1631124000000.00,-47,-47,-25,-119
1631145600000.00,991,974,979,2944
1631167200000.00,30853,30561,29947,91361
1631188800000.00,133,132,154,419
1631210400000.00,-47,-47,-26,-120
1631232000000.00,852,843,853,2548
1631253600000.00,10938,10830,10653,32421
1631275200000.00,527,515,520,1562
1631296800000.00,-47,-48,-26,-121
1631318400000.00,786,769,785,2340
1631340000000.00,19384,19179,18871,57434
1631361600000.00,189,182,204,575
1631383200000.00,-48,-47,-26,-121
1631404800000.00,1601,1581,1577,4759
1631426400000.00,21045,20865,20481,62391
1631448000000.00,-18,-24,3,-39
1631469600000.00,-48,-47,-26,-121
1631491200000.00,2619,2588,2566,7773
1631512800000.00,19560,19344,19027,57931
1631534400000.00,190,182,206,578
1631556000000.00,-48,-47,-25,-120
1631577600000.00,1809,1785,1776,5370
1631599200000.00,41360,40886,40234,122480
1631620800000.00,161,159,177,497
1631642400000.00,-46,-48,-26,-120
1631664000000.00,551,547,558,1656
1631685600000.00,5505,5442,5372,16319
1631707200000.00,-7,-34,-22,-63
1631728800000.00,-96,-56,9,-143
1631750400000.00,1202,1192,1187,3581
1631772000000.00,12582,12452,12234,37268
1631793600000.00,-80,-44,18,-106
1631815200000.00,-46,-46,-31,-123
1631836800000.00,1075,1056,1054,3185
1631858400000.00,9096,8989,8844,26929
1631880000000.00,-42,-45,-26,-113
1631901600000.00,-50,-45,-26,-121
1631923200000.00,2000,1981,1972,5953
1631944800000.00,28866,28594,28079,85539
1631966400000.00,42,47,66,155
1631988000000.00,-50,-46,-25,-121
1632009600000.00,926,921,928,2775
1632031200000.00,15558,15422,15147,46127
1632052800000.00,-41,-46,-24,-111
1632074400000.00,-48,-46,-25,-119
1632096000000.00,-40,-44,-23,-107
1632117600000.00,19137,18967,18630,56734
1632139200000.00,-42,-47,-23,-112
1632160800000.00,-48,-48,-25,-121
1632182400000.00,970,960,960,2890
1632204000000.00,31342,31050,30503,92895
1632225600000.00,-46,-47,-25,-118
1632247200000.00,-47,-46,-25,-118
1632268800000.00,1145,1131,1133,3409
1632290400000.00,27716,27459,26956,82131
1632312000000.00,-40,-46,-24,-110
1632333600000.00,-46,-47,-25,-118
1632355200000.00,795,777,789,2361
1632376800000.00,30779,30411,30184,91374
1632398400000.00,-32,-47,-41,-120
1632420000000.00,-47,-47,-26,-120
1632441600000.00,1102,1088,1088,3278
1632463200000.00,14165,14004,13923,42092
1632484800000.00,-44,-47,-28,-119
1632506400000.00,-47,-46,-26,-119
1632528000000.00,814,807,812,2433
1632549600000.00,28049,27771,27301,83121
1632571200000.00,-46,-46,-27,-119
1632592800000.00,-47,-47,-26,-120
1632614400000.00,307,306,321,934
1632636000000.00,20751,20505,20154,61410
1632657600000.00,-45,-46,-27,-118
1632679200000.00,-47,-47,-27,-121
1632700800000.00,230,267,328,825
1632722400000.00,5588,5519,5447,16554
1632744000000.00,-45,-46,-29,-120
1632765600000.00,-48,-47,-26,-121
1632787200000.00,759,749,756,2264
1632808800000.00,32540,32272,31977,96789
1632830400000.00,-47,-47,-27,-121
1632852000000.00,-49,-48,-25,-122
1632873600000.00,-40,-45,-23,-108
1632895200000.00,27039,26713,26327,80079
1632916800000.00,-47,-48,-25,-120
1632938400000.00,-48,-47,-25,-120
1632960000000.00,374,359,387,1120
1632981600000.00,15559,15413,15168,46140
1633003200000.00,-47,-46,-24,-117
1633024800000.00,-47,-48,-25,-120
1633046400000.00,344,336,354,1034
1633068000000.00,5056,5017,4969,15042
1633089600000.00,-45,-46,-26,-117
1633111200000.00,-46,-47,-26,-119
1633132800000.00,-40,-46,-23,-109
1633154400000.00,3976,3925,3885,11786
1633176000000.00,-47,-47,-25,-119
1633197600000.00,-47,-47,-25,-119
1633219200000.00,-44,-46,-24,-114
1633240800000.00,6360,6295,6208,18863
1633262400000.00,-46,-47,-26,-119
1633284000000.00,-47,-47,-25,-119
1633305600000.00,-29,-37,-14,-80
1633327200000.00,11583,11457,11278,34318
1633348800000.00,-47,-48,-25,-120
1633370400000.00,-47,-47,-25,-119
1633392000000.00,-40,-47,-23,-110
1633413600000.00,8925,8831,8696,26452
1633435200000.00,-46,-48,-27,-121
1633456800000.00,-46,-47,-26,-119
1633478400000.00,-42,-47,-25,-114
1633500000000.00,-47,-47,-25,-119
1633521600000.00,-47,-46,-26,-119
1633543200000.00,-46,-47,-25,-118
1633564800000.00,-28,-35,-12,-75
1633586400000.00,27578,27338,26841,81757
1633608000000.00,-46,-47,-27,-120
1633629600000.00,-47,-47,-26,-120
1633651200000.00,7,1,24,32
1633672800000.00,26423,26144,25689,78256
1633694400000.00,-47,-47,-27,-121
1633716000000.00,-46,-47,-26,-119
1633737600000.00,-38,-45,-24,-107
1633759200000.00,25178,24926,24472,74576
1633780800000.00,-46,-46,-26,-118
1633802400000.00,-48,-47,-26,-121
1633824000000.00,170,165,191,526
1633845600000.00,15720,15538,15305,46563
1633867200000.00,-46,-46,-26,-118
1633888800000.00,-46,-46,-25,-117
1633910400000.00,-45,-45,-26,-116
